<?xml version="1.0" encoding="ASCII"?>
<EM:ExpertModule xmi:version="2.0" xmlns:xmi="http://www.omg.org/XMI" xmlns:xsi="http://www.w3.org/2001/XMLSchema-instance" xmlns:EM="http:///com.cerner.expert/expertmodule/1.0.0" moduleName="BBT_UNIT_TS_ALERT">
  <information>
    <runtimeInformation externalFileName="BBT_UNIT_TS_ALERT" lastUpdated="2015-07-10T21:50:22.000-0500" validtionType="PRODUCTION" title="BBT_UNIT_TS_ALERT">
      <duration start="2015-07-10T00:00:00.000-0500" end="2100-07-10T23:59:59.000-0500"/>
      <updateUser userName="MAGOON, YITZHAK D  TAJ TECHNOLOGIES"/>
    </runtimeInformation>
    <documentation author="m142151" institution="" specialist=""/>
  </information>
  <expertTemplates>
    <events>
      <event name=""/>
      <event name="ADDPROBLEM"/>
      <event name="ADDTOSCRATCHPAD"/>
      <event name="ALLERGY_EVENT"/>
      <event name="AP_ORDER_EVENT"/>
      <event name="BB_RESULT_EVENT"/>
      <event name="CHART_SERVER_EVENT"/>
      <event name="CLINICALTRIALSCREEN"/>
      <event name="CLINICAL_EVENT"/>
      <event name="CLOSECHART"/>
      <event name="COLLECTION_EVENT"/>
      <event name="DCP_CN_TASK_UPD"/>
      <event name="DCP_MODTASK_EVENT"/>
      <event name="DCP_PW_COND"/>
      <event name="DCP_PW_OUTCOME_EVENT"/>
      <event name="DIAGNOSIS_EVENT"/>
      <event name="EKS_FORMAT"/>
      <event name="EKS_SYNC_TEST01"/>
      <event name="EKS_TEST_02"/>
      <event name="EKS_TEST_EVENT"/>
      <event name="EKS_TEST_EVENT01"/>
      <event name="ENSURE_EVENT"/>
      <event name="EXPERT_EVENT"/>
      <event name="HEALTHE_EVENT"/>
      <event name="HEALTH_MAINT_QUAL_EVENT"/>
      <event name="HIM_ADD_REQUEST"/>
      <event name="HIM_ADMIT_EVENT"/>
      <event name="HIM_PATIENT_INFO_REQUEST"/>
      <event name="HIM_TEST_EVENT"/>
      <event name="HL7_EVENT"/>
      <event name="MAYO_SCH_POST_EVENT"/>
      <event name="MB_EXPEDITE"/>
      <event name="MB_RESULT_EVENT"/>
      <event name="MB_SCRIPTED_WORKUPS"/>
      <event name="MB_SUSCEPTIBILITY"/>
      <event name="MDI_RESULT_EVENT"/>
      <event name="MEDCHARTACTIVATE"/>
      <event name="MPI_ADT"/>
      <event name="OPENCHART"/>
      <event name="ORDER_EVENT"/>
      <event name="ORDER_PRO_TEST1"/>
      <event name="PATIENT_EVENT"/>
      <event name="PCA_EXPERT_EVENT"/>
      <event name="Person_Transaction"/>
      <event name="PFT_Add_Account"/>
      <event name="PFT_ADJ_WO"/>
      <event name="pft_check_amount"/>
      <event name="PFT_VEHICLE"/>
      <event name="PNTFLEXREFRANGE"/>
      <event name="POWERPLANFLEX"/>
      <event name="PROBLEM_EVENT"/>
      <event name="PROFIT_1450_CLAIM_EVENT"/>
      <event name="PROFIT_1500_CLAIM_EVENT"/>
      <event name="PROVIDER_CHG_EVENT"/>
      <event name="PROVIDE_EVENT"/>
      <event name="PWRCHRT_ADD_ORDER"/>
      <event name="RESULT_EVENT"/>
      <event name="RESULT_EVENT_CSM"/>
      <event name="RESULT_EVENT_TEST"/>
      <event name="SCH_ACTION_EVENT"/>
      <event name="SIGNORDER"/>
      <event name="SN New Pref Card Created"/>
      <event name="SN_CASE_CHECK_IN_EVENT"/>
      <event name="SN_CASE_EVENT"/>
      <event name="SN_CASE_SCHEDULE_EVENT"/>
      <event name="SN_DOCUMENT_OPEN"/>
      <event name="SN_DOCUMENT_STATE"/>
      <event name="SN_FINALIZE_DOC_EVENT"/>
      <event name="SN_PROCEDURE_SCHEDULE"/>
      <event name="SN_SAVE_PROCEDURE"/>
      <event name="SN_TEST_EVENT"/>
      <event name="SOCIAL_HISTORY_ADD"/>
      <event name="SYNCHEVENT"/>
      <event name="TOUCHOPENCHART"/>
    </events>
    <evokeTemplates>
      <templateDefinitions xsi:type="EM:ExpertTemplate" name="EKS_ORDER_DETAIL_E" definition="orders exist ORD_METHOD OPT_ORDERS where order detail ORDER_DETAIL QUALIFIER LIST1 and OPT_LIST2" description="Orderable, attributes" eventDependency="//@expertTemplates/@events/@event.2 //@expertTemplates/@events/@event.36 //@expertTemplates/@events/@event.60 //@expertTemplates/@events/@event.72">
        <keywords>ORDER</keywords>
        <arguments xsi:type="EM:FixedListArgument" name="ORD_METHOD" dataType="CHARACTER" required="true">
          <stringTable>
            <column value="that was ordered as"/>
            <column value="that was ordered as"/>
          </stringTable>
          <stringTable>
            <column value="whose primary mnemonic is"/>
            <column value="whose primary mnemonic is"/>
          </stringTable>
          <stringTable>
            <column value="for any orderable"/>
            <column value="for any orderable"/>
          </stringTable>
          <stringTable>
            <column value="with drug class as"/>
            <column value="with drug class as"/>
          </stringTable>
        </arguments>
        <arguments xsi:type="EM:ReferentialArgument" name="OPT_ORDERS" dataType="CHARACTER" controlType="LISTBOX" validationType="READ_ONLY" dependency="ORD_METHOD" keyFieldIndex="2">
          <statements statement="execute EKS_T_DB_REF_HELP ConCat(&quot;HELPCATALOGTYPE^&quot;, PAR1) go" dependency="OPT_ORDERS"/>
          <statements statement="execute EKS_T_DB_REF_HELP ConCat(&quot;HELPORDALPHA^&quot;, PAR1) go" dependency="OPT_ORDERS"/>
          <statements statement="execute EKS_T_DB_REF_HELP ConCat(&quot;HELPORDERS^&quot;, PAR1) go&#xD;&#xA;" dependency="OPT_ORDERS"/>
        </arguments>
        <arguments xsi:type="EM:ReferentialArgument" name="ORDER_DETAIL" dataType="CHARACTER" controlType="REFERENTIAL" validationType="READ_ONLY" required="true" keyFieldIndex="2">
          <statements statement="execute EKS_T_DB_REF_HELP &quot;HELPDETAILSSELDB_PROVIDE^USEREQUEST&quot; go" dependency="ORDER_DETAIL"/>
          <statements statement="execute EKS_T_DB_REF_HELP ConCat(&quot;HELPDETAILS_PROVIDE^1^&quot;, PAR1) go" dependency="ORDER_DETAIL"/>
        </arguments>
        <arguments xsi:type="EM:ReferentialArgument" name="QUALIFIER" dataType="CHARACTER" controlType="REFERENTIAL" validationType="READ_ONLY" required="true" dependency="ORDER_DETAIL" keyFieldIndex="2">
          <statements statement="execute EKS_T_DB_REF_HELP ConCat(&quot;HELPQUALIFIERS_PROVIDE^&quot;, PAR1)  go" dependency="QUALIFIER"/>
        </arguments>
        <arguments xsi:type="EM:ReferentialArgument" name="LIST1" dataType="CHARACTER" controlType="LISTBOX" validationType="READ_ONLY" dependency="ORDER_DETAIL" keyFieldIndex="2">
          <statements statement="execute EKS_T_DB_REF_HELP ConCat(&quot;HELPORDDETLIST1^&quot;, PAR1) go" dependency="LIST1"/>
          <statements statement="execute EKS_T_DB_REF_HELP ConCat(&quot;HELPORDDETLIST3^&quot;, PAR1) go" dependency="LIST1"/>
        </arguments>
        <arguments xsi:type="EM:ReferentialArgument" name="OPT_LIST2" dataType="CHARACTER" controlType="LISTBOX" validationType="READ_ONLY" dependency="ORDER_DETAIL" keyFieldIndex="2">
          <statements statement="execute EKS_T_DB_REF_HELP ConCat(&quot;HELPORDDETLIST1^&quot;, PAR1) go" dependency="OPT_LIST2"/>
          <statements statement="execute EKS_T_DB_REF_HELP ConCat(&quot;HELPORDDETLIST3^&quot;, PAR1) go" dependency="OPT_LIST2"/>
        </arguments>
      </templateDefinitions>
    </evokeTemplates>
    <logicTemplates>
      <templateDefinitions xsi:type="EM:ExpertTemplate" name="EKS_ORDER_INCOMING_L" definition="the triggering request contains an order ORD_METHOD OPT_ORDERS whose ordering physician OPT_QUALIFIER in OPT_ORDDOC and OPT_ORDER_DETAIL OPT_DETAIL_QUALIFIER OPT_LIST" description="Incoming orderable, attributes" eventDependency="//@expertTemplates/@events/@event.1 //@expertTemplates/@events/@event.2 //@expertTemplates/@events/@event.9 //@expertTemplates/@events/@event.36 //@expertTemplates/@events/@event.38 //@expertTemplates/@events/@event.54 //@expertTemplates/@events/@event.60 //@expertTemplates/@events/@event.72 //@expertTemplates/@events/@event.73">
        <keywords>ORDER</keywords>
        <arguments xsi:type="EM:FixedListArgument" name="ORD_METHOD" dataType="CHARACTER" required="true">
          <stringTable>
            <column value="that was ordered as"/>
            <column value="Use only the order synonym for comparison"/>
          </stringTable>
          <stringTable>
            <column value="whose primary mnemonic is"/>
            <column value="Include all related synonms for this order"/>
          </stringTable>
          <stringTable>
            <column value="for any orderable"/>
            <column value="Include all orderable procedure"/>
          </stringTable>
          <stringTable>
            <column value="with drug class as"/>
            <column value="with drug class as"/>
          </stringTable>
        </arguments>
        <arguments xsi:type="EM:ReferentialArgument" name="OPT_ORDERS" dataType="CHARACTER" controlType="LISTBOX" validationType="READ_ONLY" dependency="ORD_METHOD" keyFieldIndex="2">
          <statements statement="execute eks_t_db_ref_help ConCat(&quot;HELPCATALOGTYPE^&quot;, PAR1) go&#xD;&#xA;" dependency="OPT_ORDERS"/>
          <statements statement="execute eks_t_db_ref_help ConCat(&quot;HELPORDALPHA^&quot;, PAR1) go&#xD;&#xA;" dependency="OPT_ORDERS"/>
          <statements statement="execute eks_t_db_ref_help ConCat(&quot;HELPORDERS^&quot;, PAR1) go" dependency="OPT_ORDERS"/>
        </arguments>
        <arguments xsi:type="EM:FixedListArgument" name="OPT_QUALIFIER" dataType="CHARACTER">
          <stringTable>
            <column value="is"/>
            <column value="is"/>
          </stringTable>
          <stringTable>
            <column value="is not"/>
            <column value="is not"/>
          </stringTable>
        </arguments>
        <arguments xsi:type="EM:ReferentialArgument" name="OPT_ORDDOC" dataType="CHARACTER" controlType="LISTBOX" validationType="READ_ONLY" keyFieldIndex="2">
          <statements statement="EKS_ABC_REFHELP &quot; &quot; go" dependency="OPT_ORDDOC"/>
          <statements statement="select &#xD;&#xA; if (par1 =&quot;OTHER&quot;)&#xD;&#xA; from prsnl pl where pl.name_full_formatted != &quot; &quot; and &#xD;&#xA;      pl.name_full_formatted not between &quot;0*&quot; and &quot;Z*&quot; and&#xD;&#xA;      pl.active_ind = 1 and  pl.physician_ind = 1&#xD;&#xA; elseif (par1=&quot;ALL&quot;)&#xD;&#xA;  from prsnl pl where pl.name_full_formatted != &quot; &quot;  and &#xD;&#xA;      pl.active_ind=1 and  pl.physician_ind = 1&#xD;&#xA; else&#xD;&#xA;  from prsnl pl where pl.physician_ind = 1 and pl.active_ind=1&#xD;&#xA;      and cnvtupper(pl.name_full_formatted)=patstring(concat(substring(1,1,par1),&quot;*&quot;))&#xD;&#xA; endif&#xD;&#xA;  pl.name_full_formatted,&#xD;&#xA;  _hidden=pl.person_id&#xD;&#xA; order name_full_formatted" dependency="OPT_ORDDOC"/>
        </arguments>
        <arguments xsi:type="EM:ReferentialArgument" name="OPT_ORDER_DETAIL" dataType="CHARACTER" controlType="REFERENTIAL" validationType="READ_ONLY">
          <defaultValue xsi:type="EM:StringValue" value="FUTURE USE"/>
          <statements statement="" dependency="OPT_ORDER_DETAIL"/>
        </arguments>
        <arguments xsi:type="EM:FixedListArgument" name="OPT_DETAIL_QUALIFIER" dataType="CHARACTER">
          <defaultValue xsi:type="EM:StringValue" value="FUTURE USE"/>
        </arguments>
        <arguments xsi:type="EM:ReferentialArgument" name="OPT_LIST" dataType="CHARACTER" controlType="LISTBOX" validationType="READ_ONLY" dependency="OPT_ORDER_DETAIL" keyFieldIndex="2">
          <statements statement="execute eks_t_db_ref_help ConCat(&quot;HELPCATALOGTYPE^&quot;, PAR1) go" dependency="OPT_LIST"/>
        </arguments>
      </templateDefinitions>
      <templateDefinitions xsi:type="EM:ExpertTemplate" name="EKS_EXEC_CCL_L" definition="Execute PROGRAM_NAME with parameters OPT_PARAM and link to OPT_LINK" description="Execute CCL program" eventDependency="//@expertTemplates/@events/@event.1 //@expertTemplates/@events/@event.2 //@expertTemplates/@events/@event.3 //@expertTemplates/@events/@event.4 //@expertTemplates/@events/@event.5 //@expertTemplates/@events/@event.7 //@expertTemplates/@events/@event.8 //@expertTemplates/@events/@event.9 //@expertTemplates/@events/@event.10 //@expertTemplates/@events/@event.12 //@expertTemplates/@events/@event.15 //@expertTemplates/@events/@event.22 //@expertTemplates/@events/@event.32 //@expertTemplates/@events/@event.34 //@expertTemplates/@events/@event.36 //@expertTemplates/@events/@event.38 //@expertTemplates/@events/@event.39 //@expertTemplates/@events/@event.41 //@expertTemplates/@events/@event.42 //@expertTemplates/@events/@event.48 //@expertTemplates/@events/@event.49 //@expertTemplates/@events/@event.50 //@expertTemplates/@events/@event.54 //@expertTemplates/@events/@event.55 //@expertTemplates/@events/@event.56 //@expertTemplates/@events/@event.57 //@expertTemplates/@events/@event.59 //@expertTemplates/@events/@event.60 //@expertTemplates/@events/@event.71 //@expertTemplates/@events/@event.72 //@expertTemplates/@events/@event.73">
        <keywords>UTILITY</keywords>
        <arguments name="PROGRAM_NAME" dataType="CHARACTER" required="true"/>
        <arguments name="OPT_PARAM" dataType="CHARACTER"/>
        <arguments name="OPT_LINK" dataType="LINK" controlType="TEMPLATE_REFERENCE"/>
      </templateDefinitions>
    </logicTemplates>
    <actionTemplates>
      <templateDefinitions xsi:type="EM:ExpertTemplate" name="EKS_ALERT_FLEX_A" definition="Send alert OPT_TITLE stating TXT, OPT_CANCEL_LABEL, OPT_IGNORE_LABEL, OPT_OVERRIDE_REASON, OPT_MODIFY_LABEL, OPT_DEFAULT_LABEL, OPT_ORDERS, OPT_DEFAULT_FIRST_ORDER, OPT_URL_BUTTON_NAME, OPT_URL_ADDRESS, OK_BUTTON_NAME, OPT_FORM, OPT_FORM_BUTTON_NAME, OPT_FORCE_FORM, OPT_LINK" description="Interactive with additional orderable option" eventDependency="//@expertTemplates/@events/@event.1 //@expertTemplates/@events/@event.2 //@expertTemplates/@events/@event.7 //@expertTemplates/@events/@event.9 //@expertTemplates/@events/@event.36 //@expertTemplates/@events/@event.38 //@expertTemplates/@events/@event.60 //@expertTemplates/@events/@event.72 //@expertTemplates/@events/@event.73">
        <keywords>ALERT</keywords>
        <arguments name="OPT_TITLE" dataType="CHARACTER" validationType="MAX_LENGTH"/>
        <arguments name="TXT" dataType="CHARACTER" controlType="TEXT_MULTI_LINE" validationType="MAX_LENGTH" required="true"/>
        <arguments name="OPT_CANCEL_LABEL" dataType="CHARACTER"/>
        <arguments name="OPT_IGNORE_LABEL" dataType="CHARACTER"/>
        <arguments xsi:type="EM:ReferentialArgument" name="OPT_OVERRIDE_REASON" dataType="CHARACTER" controlType="LISTBOX" validationType="READ_ONLY" keyFieldIndex="2">
          <statements statement="eks_codeset_cki_refhelp &quot;800&quot;,&quot;CKI&quot;,&quot;*ALL,*NONE&quot; go" dependency="OPT_OVERRIDE_REASON"/>
        </arguments>
        <arguments name="OPT_MODIFY_LABEL" dataType="CHARACTER"/>
        <arguments xsi:type="EM:FixedListArgument" name="OPT_DEFAULT_LABEL" dataType="CHARACTER">
          <defaultValue xsi:type="EM:StringValue" value="NONE"/>
          <stringTable>
            <column value="@quot;OPT_CANCEL_LABEL@quot;"/>
            <column value="cancel previous order"/>
          </stringTable>
          <stringTable>
            <column value="@quot;OPT_IGNORE_LABEL@quot;"/>
            <column value="ignore the orderable"/>
          </stringTable>
          <stringTable>
            <column value="@quot;OPT_MODIFY_LABEL@quot;"/>
            <column value="modify the orderable"/>
          </stringTable>
          <stringTable>
            <column value="NONE"/>
            <column value="no default value for labels"/>
          </stringTable>
        </arguments>
        <arguments xsi:type="EM:ReferentialArgument" name="OPT_ORDERS" dataType="CHARACTER" controlType="LISTBOX" validationType="READ_ONLY" keyFieldIndex="2">
          <statements statement="execute EKS_T_FLEX_ORDER_REFHELP &quot;CATALOGTYPE^&quot; go" dependency="OPT_ORDERS"/>
          <statements statement="execute EKS_T_FLEX_ORDER_REFHELP concat(&quot;ALPHA^&quot;, PAR1) go" dependency="OPT_ORDERS"/>
          <statements statement="execute EKS_T_FLEX_ORDER_REFHELP concat(&quot;ORDERS^&quot;, PAR1) go" dependency="OPT_ORDERS"/>
          <statements statement="execute EKS_T_FLEX_ORDER_REFHELP concat(&quot;SENTENCE^&quot;, PAR1) go" dependency="OPT_ORDERS"/>
        </arguments>
        <arguments xsi:type="EM:FixedListArgument" name="OPT_DEFAULT_FIRST_ORDER" dataType="CHARACTER">
          <defaultValue xsi:type="EM:StringValue" value="DISABLED"/>
          <stringTable>
            <column value="ENABLED"/>
            <column value="enable the 1st orderable"/>
          </stringTable>
          <stringTable>
            <column value="DISABLED"/>
            <column value="no default orderable"/>
          </stringTable>
        </arguments>
        <arguments name="OPT_URL_BUTTON_NAME" dataType="CHARACTER"/>
        <arguments name="OPT_URL_ADDRESS" dataType="CHARACTER"/>
        <arguments name="OK_BUTTON_NAME" dataType="CHARACTER" required="true">
          <defaultValue xsi:type="EM:StringValue" value="OK"/>
        </arguments>
        <arguments xsi:type="EM:ReferentialArgument" name="OPT_FORM" dataType="CHARACTER" controlType="REFERENTIAL" validationType="READ_ONLY" keyFieldIndex="2">
          <statements statement="select distinct&#xD;&#xA;  Form_Definition = if (t.seq = 1) &#xD;&#xA;        dfr.definition&#xD;&#xA;     else &#xD;&#xA;        &quot;*NONE&quot;&#xD;&#xA;     endif,&#xD;&#xA;  _hidden  = if (t.seq = 1) &#xD;&#xA;      dfr.dcp_forms_ref_id&#xD;&#xA;     else&#xD;&#xA;         0.0&#xD;&#xA;     endif,&#xD;&#xA;    Description = if (t.seq = 1) &#xD;&#xA;         dfr.description&#xD;&#xA;     else&#xD;&#xA;         &quot;NONE&quot;&#xD;&#xA;     endif&#xD;&#xA;from dcp_forms_ref dfr, (dummyt t with seq=2)&#xD;&#xA;plan dfr where dfr.active_ind = 1&#xD;&#xA;join t&#xD;&#xA;order Form_Definition" dependency="OPT_FORM"/>
        </arguments>
        <arguments name="OPT_FORM_BUTTON_NAME" dataType="CHARACTER"/>
        <arguments xsi:type="EM:FixedListArgument" name="OPT_FORCE_FORM" dataType="CHARACTER">
          <defaultValue xsi:type="EM:StringValue" value="ENABLED"/>
          <stringTable>
            <column value="ENABLED"/>
            <column value="PowerForm must be opened"/>
          </stringTable>
          <stringTable>
            <column value="DISABLED"/>
            <column value="PowerForm optional"/>
          </stringTable>
          <stringTable>
            <column value="FORCE SIGN"/>
            <column value="PowerForm must be signed"/>
          </stringTable>
          <stringTable>
            <column value="ENABLED AND DISMISS"/>
            <column value="PowerPorm must be opened, dismiss Alert"/>
          </stringTable>
          <stringTable>
            <column value="DISABLED AND DISMISS"/>
            <column value="PowerForm optional, dismiss Alert"/>
          </stringTable>
          <stringTable>
            <column value="FORCE SIGN AND DISMISS"/>
            <column value="PowerForm must be signed, dismiss Alert"/>
          </stringTable>
        </arguments>
        <arguments name="OPT_LINK" dataType="LINK" controlType="TEMPLATE_REFERENCE"/>
      </templateDefinitions>
    </actionTemplates>
  </expertTemplates>
  <ruleDefinition>
    <evokeSection>
      <evokes evokeEvent="//@expertTemplates/@events/@event.2">
        <logicExpression xsi:type="EM:Antecedent" id="E1" template="EKS_ORDER_DETAIL_E">
          <facts argument="ORD_METHOD">
            <value xsi:type="EM:StringValue" value="whose primary mnemonic is"/>
          </facts>
          <facts argument="OPT_ORDERS">
            <value xsi:type="EM:ListValue">
              <values xsi:type="EM:ListValue">
                <values xsi:type="EM:CustomValue" hideDisplay="true">
                  <customValue xsi:type="EM:StringValue" value="24985454.0"/>
                </values>
                <values xsi:type="EM:StringValue" value="Red Blood Cell, LR Order (includes Type &amp; Cross)"/>
                <values xsi:type="EM:ListValue">
                  <values xsi:type="EM:CustomValue" hideDisplay="true">
                    <customValue xsi:type="EM:StringValue" value="2513.0|whose primary mnemonic is"/>
                  </values>
                  <values xsi:type="EM:CustomValue" hideDisplay="true">
                    <customValue xsi:type="EM:StringValue" value="R|2513.0|whose primary mnemonic is"/>
                  </values>
                </values>
              </values>
              <values xsi:type="EM:ListValue">
                <values xsi:type="EM:CustomValue" hideDisplay="true">
                  <customValue xsi:type="EM:StringValue" value="24985456.0"/>
                </values>
                <values xsi:type="EM:StringValue" value="Fresh Frozen Plasma Order"/>
                <values xsi:type="EM:ListValue">
                  <values xsi:type="EM:CustomValue" hideDisplay="true">
                    <customValue xsi:type="EM:StringValue" value="2513.0|whose primary mnemonic is"/>
                  </values>
                  <values xsi:type="EM:CustomValue" hideDisplay="true">
                    <customValue xsi:type="EM:StringValue" value="F|2513.0|whose primary mnemonic is"/>
                  </values>
                </values>
              </values>
              <values xsi:type="EM:ListValue">
                <values xsi:type="EM:CustomValue" hideDisplay="true">
                  <customValue xsi:type="EM:StringValue" value="25028284.0"/>
                </values>
                <values xsi:type="EM:StringValue" value="Platelets , Pheresis, Leukocyte Reduced Order"/>
                <values xsi:type="EM:ListValue">
                  <values xsi:type="EM:CustomValue" hideDisplay="true">
                    <customValue xsi:type="EM:StringValue" value="2513.0|whose primary mnemonic is"/>
                  </values>
                  <values xsi:type="EM:CustomValue" hideDisplay="true">
                    <customValue xsi:type="EM:StringValue" value="P|2513.0|whose primary mnemonic is"/>
                  </values>
                </values>
              </values>
              <values xsi:type="EM:ListValue">
                <values xsi:type="EM:CustomValue" hideDisplay="true">
                  <customValue xsi:type="EM:StringValue" value="25028282.0"/>
                </values>
                <values xsi:type="EM:StringValue" value="Cryoprecipitate Order"/>
                <values xsi:type="EM:ListValue">
                  <values xsi:type="EM:CustomValue" hideDisplay="true">
                    <customValue xsi:type="EM:StringValue" value="2513.0|whose primary mnemonic is"/>
                  </values>
                  <values xsi:type="EM:CustomValue" hideDisplay="true">
                    <customValue xsi:type="EM:StringValue" value="C|2513.0|whose primary mnemonic is"/>
                  </values>
                </values>
              </values>
            </value>
          </facts>
          <facts argument="ORDER_DETAIL">
            <value xsi:type="EM:ListValue">
              <values xsi:type="EM:ListValue">
                <values xsi:type="EM:CustomValue" hideDisplay="true">
                  <customValue xsi:type="EM:StringValue" value="I|ActivityTypeCd|1|2|CDF106"/>
                </values>
                <values xsi:type="EM:StringValue" value="Activity Type"/>
              </values>
            </value>
          </facts>
          <facts argument="QUALIFIER">
            <value xsi:type="EM:ListValue">
              <values xsi:type="EM:ListValue">
                <values xsi:type="EM:CustomValue" hideDisplay="true">
                  <customValue xsi:type="EM:StringValue" value="in"/>
                </values>
                <values xsi:type="EM:StringValue" value="is listed in"/>
              </values>
            </value>
          </facts>
          <facts argument="LIST1">
            <value xsi:type="EM:ListValue">
              <values xsi:type="EM:ListValue">
                <values xsi:type="EM:CustomValue" hideDisplay="true">
                  <customValue xsi:type="EM:StringValue" value="CDF106:BB"/>
                </values>
                <values xsi:type="EM:StringValue" value="Blood Bank"/>
                <values xsi:type="EM:ListValue">
                  <values xsi:type="EM:CustomValue" hideDisplay="true">
                    <customValue xsi:type="EM:StringValue" value="I|ActivityTypeCd|1|2|CDF106"/>
                  </values>
                </values>
              </values>
            </value>
          </facts>
          <facts argument="OPT_LIST2">
            <value xsi:type="EM:StringValue"/>
          </facts>
        </logicExpression>
      </evokes>
    </evokeSection>
    <logicSection>
      <logicExpression xsi:type="EM:InfixExpression">
        <leftExpression xsi:type="EM:Antecedent" id="L1" template="EKS_ORDER_INCOMING_L">
          <facts argument="ORD_METHOD">
            <value xsi:type="EM:StringValue" value="whose primary mnemonic is"/>
          </facts>
          <facts argument="OPT_ORDERS">
            <value xsi:type="EM:ListValue">
              <values xsi:type="EM:ListValue">
                <values xsi:type="EM:CustomValue" hideDisplay="true">
                  <customValue xsi:type="EM:StringValue" value="24985454.0"/>
                </values>
                <values xsi:type="EM:StringValue" value="Red Blood Cell, LR Order (includes Type &amp; Cross)"/>
                <values xsi:type="EM:ListValue">
                  <values xsi:type="EM:CustomValue" hideDisplay="true">
                    <customValue xsi:type="EM:StringValue" value="2513.0|whose primary mnemonic is"/>
                  </values>
                  <values xsi:type="EM:CustomValue" hideDisplay="true">
                    <customValue xsi:type="EM:StringValue" value="R|2513.0|whose primary mnemonic is"/>
                  </values>
                </values>
              </values>
              <values xsi:type="EM:ListValue">
                <values xsi:type="EM:CustomValue" hideDisplay="true">
                  <customValue xsi:type="EM:StringValue" value="24985456.0"/>
                </values>
                <values xsi:type="EM:StringValue" value="Fresh Frozen Plasma Order"/>
                <values xsi:type="EM:ListValue">
                  <values xsi:type="EM:CustomValue" hideDisplay="true">
                    <customValue xsi:type="EM:StringValue" value="2513.0|whose primary mnemonic is"/>
                  </values>
                  <values xsi:type="EM:CustomValue" hideDisplay="true">
                    <customValue xsi:type="EM:StringValue" value="F|2513.0|whose primary mnemonic is"/>
                  </values>
                </values>
              </values>
              <values xsi:type="EM:ListValue">
                <values xsi:type="EM:CustomValue" hideDisplay="true">
                  <customValue xsi:type="EM:StringValue" value="25028284.0"/>
                </values>
                <values xsi:type="EM:StringValue" value="Platelets , Pheresis, Leukocyte Reduced Order"/>
                <values xsi:type="EM:ListValue">
                  <values xsi:type="EM:CustomValue" hideDisplay="true">
                    <customValue xsi:type="EM:StringValue" value="2513.0|whose primary mnemonic is"/>
                  </values>
                  <values xsi:type="EM:CustomValue" hideDisplay="true">
                    <customValue xsi:type="EM:StringValue" value="P|2513.0|whose primary mnemonic is"/>
                  </values>
                </values>
              </values>
              <values xsi:type="EM:ListValue">
                <values xsi:type="EM:CustomValue" hideDisplay="true">
                  <customValue xsi:type="EM:StringValue" value="25028282.0"/>
                </values>
                <values xsi:type="EM:StringValue" value="Cryoprecipitate Order"/>
                <values xsi:type="EM:ListValue">
                  <values xsi:type="EM:CustomValue" hideDisplay="true">
                    <customValue xsi:type="EM:StringValue" value="2513.0|whose primary mnemonic is"/>
                  </values>
                  <values xsi:type="EM:CustomValue" hideDisplay="true">
                    <customValue xsi:type="EM:StringValue" value="C|2513.0|whose primary mnemonic is"/>
                  </values>
                </values>
              </values>
            </value>
          </facts>
          <facts argument="OPT_QUALIFIER">
            <value xsi:type="EM:StringValue"/>
          </facts>
          <facts argument="OPT_ORDDOC">
            <value xsi:type="EM:StringValue"/>
          </facts>
          <facts argument="OPT_ORDER_DETAIL">
            <value xsi:type="EM:StringValue" value="FUTURE USE"/>
          </facts>
          <facts argument="OPT_DETAIL_QUALIFIER">
            <value xsi:type="EM:StringValue" value="FUTURE USE"/>
          </facts>
          <facts argument="OPT_LIST">
            <value xsi:type="EM:StringValue"/>
          </facts>
        </leftExpression>
        <rightExpression xsi:type="EM:InfixExpression">
          <leftExpression xsi:type="EM:Antecedent" id="L2" template="EKS_EXEC_CCL_L">
            <facts argument="PROGRAM_NAME">
              <value xsi:type="EM:StringValue" value="bbt_ord_check"/>
            </facts>
            <facts argument="OPT_PARAM">
              <value xsi:type="EM:StringValue"/>
            </facts>
            <facts argument="OPT_LINK">
              <value xsi:type="EM:AntecedentReference" antecedent="//@ruleDefinition/@logicSection/@logicExpression/@leftExpression"/>
            </facts>
          </leftExpression>
          <rightExpression xsi:type="EM:PrefixExpression">
            <expression xsi:type="EM:Antecedent" id="L3" template="EKS_ORDER_INCOMING_L">
              <facts argument="ORD_METHOD">
                <value xsi:type="EM:StringValue" value="whose primary mnemonic is"/>
              </facts>
              <facts argument="OPT_ORDERS">
                <value xsi:type="EM:ListValue">
                  <values xsi:type="EM:ListValue">
                    <values xsi:type="EM:CustomValue" hideDisplay="true">
                      <customValue xsi:type="EM:StringValue" value="3502540.0"/>
                    </values>
                    <values xsi:type="EM:StringValue" value="ABO/Rh Typing"/>
                    <values xsi:type="EM:ListValue">
                      <values xsi:type="EM:CustomValue" hideDisplay="true">
                        <customValue xsi:type="EM:StringValue" value="2513.0|whose primary mnemonic is"/>
                      </values>
                      <values xsi:type="EM:CustomValue" hideDisplay="true">
                        <customValue xsi:type="EM:StringValue" value="A|2513.0|whose primary mnemonic is"/>
                      </values>
                    </values>
                  </values>
                  <values xsi:type="EM:ListValue">
                    <values xsi:type="EM:CustomValue" hideDisplay="true">
                      <customValue xsi:type="EM:StringValue" value="24985193.0"/>
                    </values>
                    <values xsi:type="EM:StringValue" value="Antibody Screen Gel"/>
                    <values xsi:type="EM:ListValue">
                      <values xsi:type="EM:CustomValue" hideDisplay="true">
                        <customValue xsi:type="EM:StringValue" value="2513.0|whose primary mnemonic is"/>
                      </values>
                      <values xsi:type="EM:CustomValue" hideDisplay="true">
                        <customValue xsi:type="EM:StringValue" value="A|2513.0|whose primary mnemonic is"/>
                      </values>
                    </values>
                  </values>
                  <values xsi:type="EM:ListValue">
                    <values xsi:type="EM:CustomValue" hideDisplay="true">
                      <customValue xsi:type="EM:StringValue" value="24985191.0"/>
                    </values>
                    <values xsi:type="EM:StringValue" value="Antibody Screen Tube"/>
                    <values xsi:type="EM:ListValue">
                      <values xsi:type="EM:CustomValue" hideDisplay="true">
                        <customValue xsi:type="EM:StringValue" value="2513.0|whose primary mnemonic is"/>
                      </values>
                      <values xsi:type="EM:CustomValue" hideDisplay="true">
                        <customValue xsi:type="EM:StringValue" value="A|2513.0|whose primary mnemonic is"/>
                      </values>
                    </values>
                  </values>
                </value>
              </facts>
              <facts argument="OPT_QUALIFIER">
                <value xsi:type="EM:StringValue"/>
              </facts>
              <facts argument="OPT_ORDDOC">
                <value xsi:type="EM:StringValue"/>
              </facts>
              <facts argument="OPT_ORDER_DETAIL">
                <value xsi:type="EM:StringValue" value="FUTURE USE"/>
              </facts>
              <facts argument="OPT_DETAIL_QUALIFIER">
                <value xsi:type="EM:StringValue" value="FUTURE USE"/>
              </facts>
              <facts argument="OPT_LIST">
                <value xsi:type="EM:StringValue"/>
              </facts>
            </expression>
          </rightExpression>
        </rightExpression>
      </logicExpression>
    </logicSection>
    <actionSection>
      <action xsi:type="EM:ActionExpression">
        <logicExpression xsi:type="EM:Antecedent" id="A1" template="EKS_ALERT_FLEX_A">
          <facts argument="OPT_TITLE">
            <value xsi:type="EM:StringValue" value="Blood Product Ordering"/>
          </facts>
          <facts argument="TXT">
            <value xsi:type="EM:StringValue" value="This Patient does not have a current sample in the Lab. In order to issue products, a current sample is required. Please add a Type and Screen by clicking in the checkbox below. Press OK to proceed."/>
          </facts>
          <facts argument="OPT_CANCEL_LABEL">
            <value xsi:type="EM:StringValue"/>
          </facts>
          <facts argument="OPT_IGNORE_LABEL">
            <value xsi:type="EM:StringValue"/>
          </facts>
          <facts argument="OPT_OVERRIDE_REASON">
            <value xsi:type="EM:StringValue"/>
          </facts>
          <facts argument="OPT_MODIFY_LABEL">
            <value xsi:type="EM:StringValue"/>
          </facts>
          <facts argument="OPT_DEFAULT_LABEL">
            <value xsi:type="EM:StringValue" value="NONE"/>
          </facts>
          <facts argument="OPT_ORDERS">
            <value xsi:type="EM:ListValue">
              <values xsi:type="EM:ListValue">
                <values xsi:type="EM:CustomValue" hideDisplay="true">
                  <customValue xsi:type="EM:StringValue" value="\S26365546\MType and Screen\C25026678\O0"/>
                </values>
                <values xsi:type="EM:StringValue" value="* No Valid Order Sentence Found and Use the Mnemonic..... -> Type and Screen"/>
                <values xsi:type="EM:ListValue">
                  <values xsi:type="EM:CustomValue" hideDisplay="true">
                    <customValue xsi:type="EM:StringValue" value="2513\LABORATORY\"/>
                  </values>
                  <values xsi:type="EM:CustomValue" hideDisplay="true">
                    <customValue xsi:type="EM:StringValue" value="T\2513\LABORATORY\"/>
                  </values>
                  <values xsi:type="EM:CustomValue" hideDisplay="true">
                    <customValue xsi:type="EM:StringValue" value="26365546\Type and Screen\25026678\0\T\2513\LABORATORY\"/>
                  </values>
                </values>
              </values>
            </value>
          </facts>
          <facts argument="OPT_DEFAULT_FIRST_ORDER">
            <value xsi:type="EM:StringValue" value="ENABLED"/>
          </facts>
          <facts argument="OPT_URL_BUTTON_NAME">
            <value xsi:type="EM:StringValue"/>
          </facts>
          <facts argument="OPT_URL_ADDRESS">
            <value xsi:type="EM:StringValue"/>
          </facts>
          <facts argument="OK_BUTTON_NAME">
            <value xsi:type="EM:StringValue" value="OK"/>
          </facts>
          <facts argument="OPT_FORM">
            <value xsi:type="EM:StringValue"/>
          </facts>
          <facts argument="OPT_FORM_BUTTON_NAME">
            <value xsi:type="EM:StringValue"/>
          </facts>
          <facts argument="OPT_FORCE_FORM">
            <value xsi:type="EM:StringValue" value="ENABLED"/>
          </facts>
          <facts argument="OPT_LINK">
            <value xsi:type="EM:AntecedentReference" antecedent="//@ruleDefinition/@logicSection/@logicExpression/@leftExpression"/>
          </facts>
        </logicExpression>
      </action>
    </actionSection>
  </ruleDefinition>
</EM:ExpertModule>
