<?xml version="1.0" encoding="ASCII"?>
<EM:ExpertModule xmi:version="2.0" xmlns:xmi="http://www.omg.org/XMI" xmlns:xsi="http://www.w3.org/2001/XMLSchema-instance" xmlns:EM="http:///com.cerner.expert/expertmodule/1.0.0" moduleName="GL_CDIFF_PCR_VER2">
  <information>
    <runtimeInformation versionString="001.003" externalFileName="GL_CDIFF_PCR_VER2" lastUpdated="2019-02-19T11:21:01.000-0500" validtionType="PRODUCTION" title="GL_CDIFF_PCR_VER2" reconcileFlag="3" reconcileDate="2019-02-19T11:21:01.000-0500">
      <duration start="2018-11-14T00:00:00.000-0500" end="2100-11-14T23:59:59.000-0500"/>
      <updateUser userName="Sasser, Mindy T LAB TECHN"/>
    </runtimeInformation>
    <documentation author="b107820" institution="" specialist="" purpose="Change the instrument responses to response plus regulatory or explanatory information.&#xD;&#xA;&#xD;&#xA;IF RESPONSE COMMENT IS CHANGED IN THIS RULE, IT MUST ALSO BE CHANGED IN THE TEMPLATE USED FOR MANUAL RESULTING. ALL PCR TEMPLATE NAMES START WITH &quot;PCR&quot;  (ex: PCR MRSA NASAL NEG)"/>
  </information>
  <expertTemplates>
    <events>
      <event name=""/>
      <event name="ADDPROBLEM"/>
      <event name="ADDTOSCRATCHPAD"/>
      <event name="ALLERGY_EVENT"/>
      <event name="AP_ORDER_EVENT"/>
      <event name="BB_RESULT_EVENT"/>
      <event name="CHART_SERVER_EVENT"/>
      <event name="CLINICALTRIALSCREEN"/>
      <event name="CLINICAL_EVENT"/>
      <event name="CLOSECHART"/>
      <event name="COLLECTION_EVENT"/>
      <event name="DCP_CN_TASK_UPD"/>
      <event name="DCP_MODTASK_EVENT"/>
      <event name="DCP_PW_COND"/>
      <event name="DCP_PW_OUTCOME_EVENT"/>
      <event name="DIAGNOSIS_EVENT"/>
      <event name="EKS_FORMAT"/>
      <event name="EKS_SYNC_TEST01"/>
      <event name="EKS_TEST_02"/>
      <event name="EKS_TEST_EVENT"/>
      <event name="EKS_TEST_EVENT01"/>
      <event name="ENSURE_EVENT"/>
      <event name="EXPERT_EVENT"/>
      <event name="HEALTHE_EVENT"/>
      <event name="HEALTH_MAINT_QUAL_EVENT"/>
      <event name="HIM_ADD_REQUEST"/>
      <event name="HIM_ADMIT_EVENT"/>
      <event name="HIM_PATIENT_INFO_REQUEST"/>
      <event name="HIM_TEST_EVENT"/>
      <event name="HL7_EVENT"/>
      <event name="MB_EXPEDITE"/>
      <event name="MB_RESULT_EVENT"/>
      <event name="MB_SCRIPTED_WORKUPS"/>
      <event name="MB_SUSCEPTIBILITY"/>
      <event name="MDI_RESULT_EVENT"/>
      <event name="MEDCHARTACTIVATE"/>
      <event name="MPI_ADT"/>
      <event name="OPENCHART"/>
      <event name="ORDER_EVENT"/>
      <event name="ORDER_PRO_TEST1"/>
      <event name="PATIENT_EVENT"/>
      <event name="PCA_EXPERT_EVENT"/>
      <event name="Person_Transaction"/>
      <event name="PFT_Add_Account"/>
      <event name="PFT_ADJ_WO"/>
      <event name="pft_check_amount"/>
      <event name="PFT_VEHICLE"/>
      <event name="PNTFLEXREFRANGE"/>
      <event name="POWERPLANFLEX"/>
      <event name="PROBLEM_EVENT"/>
      <event name="PROFIT_1450_CLAIM_EVENT"/>
      <event name="PROFIT_1500_CLAIM_EVENT"/>
      <event name="PROVIDER_CHG_EVENT"/>
      <event name="PROVIDE_EVENT"/>
      <event name="PWRCHRT_ADD_ORDER"/>
      <event name="RESULT_EVENT"/>
      <event name="RESULT_EVENT_CSM"/>
      <event name="RESULT_EVENT_TEST"/>
      <event name="SCH_ACTION_EVENT"/>
      <event name="SIGNORDER"/>
      <event name="SN New Pref Card Created"/>
      <event name="SN_CASE_CHECK_IN_EVENT"/>
      <event name="SN_CASE_EVENT"/>
      <event name="SN_CASE_SCHEDULE_EVENT"/>
      <event name="SN_DOCUMENT_OPEN"/>
      <event name="SN_DOCUMENT_STATE"/>
      <event name="SN_FINALIZE_DOC_EVENT"/>
      <event name="SN_PROCEDURE_SCHEDULE"/>
      <event name="SN_SAVE_PROCEDURE"/>
      <event name="SN_TEST_EVENT"/>
      <event name="SOCIAL_HISTORY_ADD"/>
      <event name="SYNCHEVENT"/>
      <event name="TOCFLEX"/>
      <event name="TOUCHOPENCHART"/>
    </events>
    <evokeTemplates>
      <templateDefinitions xsi:type="EM:ExpertTemplate" name="EKS_RESULT_STA" definition="PROCEDURE result status equals RESULT_STATUS" description="Discrete task assay, status" eventDependency="//@expertTemplates/@events/@event.5 //@expertTemplates/@events/@event.55">
        <keywords>PATHNET</keywords>
        <arguments xsi:type="EM:ReferentialArgument" name="PROCEDURE" dataType="CHARACTER" controlType="REFERENTIAL" required="true">
          <statements dependency="PROCEDURE" statement="SELECT&#xD;&#xA; T.MNEMONIC,&#xD;&#xA; T.TASK_ASSAY_CD&#xD;&#xA;FROM &#xD;&#xA; DISCRETE_TASK_ASSAY T&#xD;&#xA;ORDER&#xD;&#xA; T.MNEMONIC&#xD;&#xA;&#xD;&#xA;"/>
        </arguments>
        <arguments xsi:type="EM:ReferentialArgument" name="RESULT_STATUS" dataType="CHARACTER" controlType="REFERENTIAL" required="true">
          <statements dependency="RESULT_STATUS" statement="SELECT   &#xD;&#xA;  C1.DISPLAY_KEY&#xD;&#xA; ,C1.DESCRIPTION&#xD;&#xA; ,C1.CODE_VALUE&#xD;&#xA;FROM CODE_VALUE C1&#xD;&#xA;WHERE C1.CODE_SET = 1901 AND C1.ACTIVE_IND=1&#xD;&#xA;ORDER C1.DISPLAY_KEY&#xD;&#xA;&#xD;&#xA;/*&#xD;&#xA;SELECT&#x9; C1.DESCRIPTION&#xD;&#xA;FROM&#x9;CODE_VALUE  C1&#xD;&#xA;WHERE CODE_SET = 1901&#xD;&#xA;ORDER&#x9;C1.CODE_VALUE&#xD;&#xA;*/"/>
        </arguments>
      </templateDefinitions>
    </evokeTemplates>
    <logicTemplates>
      <templateDefinitions xsi:type="EM:ExpertTemplate" name="EKS_STOP_LOGIC_L" definition="the following templates are false, MODE logic evaluation" description="Used to control efficiency of Action Group rules" eventDependency="//@expertTemplates/@events/@event.1 //@expertTemplates/@events/@event.2 //@expertTemplates/@events/@event.3 //@expertTemplates/@events/@event.5 //@expertTemplates/@events/@event.7 //@expertTemplates/@events/@event.8 //@expertTemplates/@events/@event.9 //@expertTemplates/@events/@event.10 //@expertTemplates/@events/@event.12 //@expertTemplates/@events/@event.15 //@expertTemplates/@events/@event.22 //@expertTemplates/@events/@event.31 //@expertTemplates/@events/@event.35 //@expertTemplates/@events/@event.37 //@expertTemplates/@events/@event.38 //@expertTemplates/@events/@event.40 //@expertTemplates/@events/@event.41 //@expertTemplates/@events/@event.47 //@expertTemplates/@events/@event.48 //@expertTemplates/@events/@event.49 //@expertTemplates/@events/@event.53 //@expertTemplates/@events/@event.55 //@expertTemplates/@events/@event.56 //@expertTemplates/@events/@event.59 //@expertTemplates/@events/@event.70 //@expertTemplates/@events/@event.71 //@expertTemplates/@events/@event.72 //@expertTemplates/@events/@event.73" reconcilable="true">
        <keywords>UTILITY</keywords>
        <arguments xsi:type="EM:FixedListArgument" name="MODE" dataType="CHARACTER" reconcileScript="N/A">
          <defaultValue xsi:type="EM:StringValue" value="STOP"/>
          <stringTable>
            <column value="STOP"/>
            <column value=" "/>
          </stringTable>
          <stringTable>
            <column value="CONTINUE"/>
            <column value=" "/>
          </stringTable>
        </arguments>
      </templateDefinitions>
      <templateDefinitions xsi:type="EM:ExpertTemplate" name="EKS_RESULT_STATUS" definition="a  RESULT_STATUS result exists for PROCEDURE" description="Incoming discrete task assay, status" eventDependency="//@expertTemplates/@events/@event.5 //@expertTemplates/@events/@event.12 //@expertTemplates/@events/@event.38 //@expertTemplates/@events/@event.55">
        <keywords>PATHNET</keywords>
        <arguments xsi:type="EM:ReferentialArgument" name="RESULT_STATUS" dataType="CHARACTER" controlType="REFERENTIAL" required="true">
          <statements dependency="RESULT_STATUS" statement="SELECT&#x9; &#xD;&#xA;  C1.DISPLAY_KEY&#xD;&#xA; ,C1.CODE_VALUE&#xD;&#xA; ,C1.DISPLAY&#xD;&#xA; ,C1.DESCRIPTION&#xD;&#xA;FROM CODE_VALUE C1&#xD;&#xA;WHERE C1.CODE_SET = 1901 AND C1.ACTIVE_IND=1&#xD;&#xA; and cnvtdatetime(curdate,curtime3)&#xD;&#xA;  between c1.begin_effective_dt_tm and c1.end_effective_dt_tm&#xD;&#xA;ORDER C1.DISPLAY_KEY&#xD;&#xA;&#xD;&#xA;"/>
        </arguments>
        <arguments xsi:type="EM:ReferentialArgument" name="PROCEDURE" dataType="CHARACTER" controlType="REFERENTIAL" required="true">
          <statements dependency="PROCEDURE" statement="SELECT&#xD;&#xA; T.MNEMONIC,&#xD;&#xA; T.TASK_ASSAY_CD&#xD;&#xA;FROM &#xD;&#xA; DISCRETE_TASK_ASSAY T&#xD;&#xA;ORDER&#xD;&#xA; T.MNEMONIC&#xD;&#xA;&#xD;&#xA;"/>
        </arguments>
      </templateDefinitions>
      <templateDefinitions xsi:type="EM:ExpertTemplate" name="EKS_EVAL_L" definition="EXPRESSION" description="Freetext CCL evaluation" eventDependency="//@expertTemplates/@events/@event.1 //@expertTemplates/@events/@event.2 //@expertTemplates/@events/@event.3 //@expertTemplates/@events/@event.5 //@expertTemplates/@events/@event.7 //@expertTemplates/@events/@event.8 //@expertTemplates/@events/@event.9 //@expertTemplates/@events/@event.10 //@expertTemplates/@events/@event.12 //@expertTemplates/@events/@event.15 //@expertTemplates/@events/@event.22 //@expertTemplates/@events/@event.23 //@expertTemplates/@events/@event.35 //@expertTemplates/@events/@event.37 //@expertTemplates/@events/@event.38 //@expertTemplates/@events/@event.40 //@expertTemplates/@events/@event.41 //@expertTemplates/@events/@event.47 //@expertTemplates/@events/@event.48 //@expertTemplates/@events/@event.49 //@expertTemplates/@events/@event.53 //@expertTemplates/@events/@event.55 //@expertTemplates/@events/@event.56 //@expertTemplates/@events/@event.59 //@expertTemplates/@events/@event.70 //@expertTemplates/@events/@event.71 //@expertTemplates/@events/@event.72 //@expertTemplates/@events/@event.73">
        <keywords>UTILITY</keywords>
        <arguments name="EXPRESSION" dataType="CHARACTER" controlType="TEXT_MULTI_LINE" required="true"/>
      </templateDefinitions>
      <templateDefinitions xsi:type="EM:ExpertTemplate" name="EKS_ORDERS_FIND_L" definition="orders exist ORD_METHOD OPT_ORDERS with order status of OPT_ORDER_STATUS on OPT_SCOPE OPT_LINK whose date criteria is OPT_QUAL OPT_TIME_NUM OPT_TIME_UNIT from the anchor OPT_ANCHOR_DT_TM." description="Orderable, status, attributes" recommeded="CAUTION" eventDependency="//@expertTemplates/@events/@event.1 //@expertTemplates/@events/@event.2 //@expertTemplates/@events/@event.3 //@expertTemplates/@events/@event.4 //@expertTemplates/@events/@event.5 //@expertTemplates/@events/@event.7 //@expertTemplates/@events/@event.8 //@expertTemplates/@events/@event.9 //@expertTemplates/@events/@event.10 //@expertTemplates/@events/@event.12 //@expertTemplates/@events/@event.15 //@expertTemplates/@events/@event.22 //@expertTemplates/@events/@event.35 //@expertTemplates/@events/@event.37 //@expertTemplates/@events/@event.38 //@expertTemplates/@events/@event.40 //@expertTemplates/@events/@event.41 //@expertTemplates/@events/@event.47 //@expertTemplates/@events/@event.48 //@expertTemplates/@events/@event.49 //@expertTemplates/@events/@event.53 //@expertTemplates/@events/@event.55 //@expertTemplates/@events/@event.59 //@expertTemplates/@events/@event.70 //@expertTemplates/@events/@event.71 //@expertTemplates/@events/@event.72 //@expertTemplates/@events/@event.73" optimizable="true" reconcilable="true">
        <keywords>ORDER</keywords>
        <arguments xsi:type="EM:ReferentialArgument" name="ORD_METHOD" dataType="CHARACTER" controlType="REFERENTIAL" validationType="READ_ONLY" required="true" reconcileScript="N/A">
          <statements dependency="ORD_METHOD" statement="execute eks_t_db_ref_help &quot;HELPNEWORDMETHOD^&quot; go"/>
        </arguments>
        <arguments xsi:type="EM:ReferentialArgument" name="OPT_ORDERS" dataType="CHARACTER" controlType="LISTBOX" validationType="READ_ONLY" dependency="ORD_METHOD" optimizable="true" reconcileScript="eks_p_ord_method_orders" keyFieldIndex="2">
          <statements dependency="OPT_ORDERS" statement="execute eks_t_db_ref_help ConCat(&quot;HELPCATALOGTYPE^&quot;, PAR1) go&#xD;&#xA;"/>
          <statements dependency="OPT_ORDERS" statement="execute eks_t_db_ref_help ConCat(&quot;HELPORDALPHA^&quot;, PAR1) go&#xD;&#xA;"/>
          <statements dependency="OPT_ORDERS" statement="execute eks_t_db_ref_help ConCat(&quot;HELPORDERS^&quot;, PAR1) go"/>
        </arguments>
        <arguments xsi:type="EM:ReferentialArgument" name="OPT_ORDER_STATUS" dataType="CHARACTER" controlType="LISTBOX" validationType="READ_ONLY" optimizable="true" reconcileScript="eks_p_codeset_cki_refhelp  &quot;6004&quot;,&quot;CKI&quot;,&quot;*ANY_STATUS&quot;" keyFieldIndex="2">
          <statements dependency="OPT_ORDER_STATUS" statement="eks_codeset_cki_refhelp &quot;6004&quot;,&quot;CKI&quot;,&quot;*ANY_STATUS&quot; go"/>
        </arguments>
        <arguments xsi:type="EM:FixedListArgument" name="OPT_SCOPE" dataType="CHARACTER" reconcileScript="N/A">
          <stringTable>
            <column value="the same accession as "/>
            <column value="link to other template by the same accession_id"/>
          </stringTable>
          <stringTable>
            <column value="the same encounter as "/>
            <column value="link to other template by the same encounter_id"/>
          </stringTable>
        </arguments>
        <arguments name="OPT_LINK" dataType="LINK" controlType="TEMPLATE_REFERENCE" reconcileScript="N/A"/>
        <arguments xsi:type="EM:FixedListArgument" name="OPT_QUAL" dataType="CHARACTER" reconcileScript="N/A">
          <stringTable>
            <column value="greater than"/>
            <column value="greater than"/>
          </stringTable>
          <stringTable>
            <column value="less than"/>
            <column value="less than"/>
          </stringTable>
          <stringTable>
            <column value="within"/>
            <column value="within"/>
          </stringTable>
          <stringTable>
            <column value="outside"/>
            <column value="outside"/>
          </stringTable>
        </arguments>
        <arguments name="OPT_TIME_NUM" dataType="CHARACTER" reconcileScript="N/A"/>
        <arguments xsi:type="EM:FixedListArgument" name="OPT_TIME_UNIT" dataType="CHARACTER" reconcileScript="N/A">
          <stringTable>
            <column value="minutes"/>
            <column value="minutes"/>
          </stringTable>
          <stringTable>
            <column value="hours"/>
            <column value="hours"/>
          </stringTable>
          <stringTable>
            <column value="days"/>
            <column value="days"/>
          </stringTable>
        </arguments>
        <arguments xsi:type="EM:FixedListArgument" name="OPT_ANCHOR_DT_TM" dataType="CHARACTER" reconcileScript="N/A">
          <stringTable>
            <column value="collection date &amp; time"/>
            <column value="collection date &amp; time"/>
          </stringTable>
          <stringTable>
            <column value="current start date &amp; time"/>
            <column value="current start date &amp; time"/>
          </stringTable>
          <stringTable>
            <column value="original order date &amp; time"/>
            <column value="original order date &amp; time"/>
          </stringTable>
          <stringTable>
            <column value="projected stop date &amp; time"/>
            <column value="projected stop date &amp; time"/>
          </stringTable>
        </arguments>
      </templateDefinitions>
    </logicTemplates>
    <actionTemplates>
      <templateDefinitions xsi:type="EM:ExpertTemplate" name="EKS_RESULT_COMMENT" definition="add CHART result comment  COMMENT and EDIT_ACTION any existing comments to PROCEDURE" description="Add result comment with append/precede option (Consult Template Documentation)" recommeded="CAUTION" eventDependency="//@expertTemplates/@events/@event.3 //@expertTemplates/@events/@event.5 //@expertTemplates/@events/@event.10 //@expertTemplates/@events/@event.12 //@expertTemplates/@events/@event.15 //@expertTemplates/@events/@event.38 //@expertTemplates/@events/@event.40 //@expertTemplates/@events/@event.49 //@expertTemplates/@events/@event.55 //@expertTemplates/@events/@event.70">
        <keywords>PATHNET</keywords>
        <arguments xsi:type="EM:FixedListArgument" name="CHART" dataType="CHARACTER" required="true">
          <stringTable>
            <column value="chartable"/>
            <column value="&quot;RES COMMENT&quot;"/>
          </stringTable>
          <stringTable>
            <column value="non chartable"/>
            <column value="&quot;RES NOTE&quot;"/>
          </stringTable>
        </arguments>
        <arguments name="COMMENT" dataType="CHARACTER" controlType="TEXT_MULTI_LINE" required="true"/>
        <arguments xsi:type="EM:FixedListArgument" name="EDIT_ACTION" dataType="CHARACTER" required="true">
          <defaultValue xsi:type="EM:StringValue" value="APPEND"/>
          <stringTable>
            <column value="APPEND"/>
            <column value="Append existing comment"/>
          </stringTable>
          <stringTable>
            <column value="PRECEDE"/>
            <column value="Precede existing comment"/>
          </stringTable>
        </arguments>
        <arguments name="PROCEDURE" dataType="LINK" controlType="TEMPLATE_REFERENCE" required="true"/>
      </templateDefinitions>
      <templateDefinitions xsi:type="EM:ExpertTemplate" name="EKS_RESULT_CREATE" definition="Create RESULT_STATUS result  RESULT for procedure PROCEDURE1 with CHART result comment COMMENT linked to PROCEDURE2" description="Perform/Verify DTA result" recommeded="CAUTION" eventDependency="//@expertTemplates/@events/@event.3 //@expertTemplates/@events/@event.5 //@expertTemplates/@events/@event.8 //@expertTemplates/@events/@event.10 //@expertTemplates/@events/@event.12 //@expertTemplates/@events/@event.15 //@expertTemplates/@events/@event.38 //@expertTemplates/@events/@event.40 //@expertTemplates/@events/@event.49 //@expertTemplates/@events/@event.55 //@expertTemplates/@events/@event.70">
        <keywords>PATHNET</keywords>
        <arguments xsi:type="EM:FixedListArgument" name="RESULT_STATUS" dataType="CHARACTER" required="true">
          <stringTable>
            <column value="performed"/>
            <column value="performed"/>
          </stringTable>
          <stringTable>
            <column value="verified"/>
            <column value="verified"/>
          </stringTable>
        </arguments>
        <arguments name="RESULT" dataType="CHARACTER" controlType="TEXT_MULTI_LINE"/>
        <arguments xsi:type="EM:ReferentialArgument" name="PROCEDURE1" dataType="CHARACTER" controlType="REFERENTIAL" required="true">
          <statements dependency="PROCEDURE1" statement="select t.mnemonic, t.task_assay_cd&#xD;&#xA;from discrete_task_assay t&#xD;&#xA;where t.active_ind = 1&#xD;&#xA;order t.mnemonic&#xD;&#xA;/*&#xD;&#xA;select o.order_mnemonic, c.description from&#xD;&#xA;orders o,&#xD;&#xA;order_catalog c&#xD;&#xA;where o.catalog_cd = c.catalog_cd&#xD;&#xA;*/"/>
        </arguments>
        <arguments xsi:type="EM:FixedListArgument" name="CHART" dataType="CHARACTER" validationType="READ_ONLY" required="true">
          <stringTable>
            <column value="chartable"/>
            <column value="chartable"/>
          </stringTable>
          <stringTable>
            <column value="non chartable"/>
            <column value="non chartable"/>
          </stringTable>
          <stringTable>
            <column value="N/A"/>
            <column value="default Discern note"/>
          </stringTable>
          <stringTable>
            <column value="NONE"/>
            <column value="no comment"/>
          </stringTable>
        </arguments>
        <arguments name="COMMENT" dataType="CHARACTER" controlType="TEXT_MULTI_LINE"/>
        <arguments name="PROCEDURE2" dataType="LINK" controlType="TEMPLATE_REFERENCE" required="true"/>
      </templateDefinitions>
      <templateDefinitions xsi:type="EM:ExpertTemplate" name="EKS_RESULT_VERIFY_A" definition="verify all performed results for PROCEDURE with CHART result comment COMMENT" description="Verify all performed DTA's for an existing orderable" eventDependency="//@expertTemplates/@events/@event.3 //@expertTemplates/@events/@event.5 //@expertTemplates/@events/@event.10 //@expertTemplates/@events/@event.12 //@expertTemplates/@events/@event.15 //@expertTemplates/@events/@event.38 //@expertTemplates/@events/@event.49 //@expertTemplates/@events/@event.55 //@expertTemplates/@events/@event.56 //@expertTemplates/@events/@event.70">
        <keywords>PATHNET</keywords>
        <arguments name="PROCEDURE" dataType="LINK" controlType="TEMPLATE_REFERENCE" required="true"/>
        <arguments xsi:type="EM:FixedListArgument" name="CHART" dataType="CHARACTER" validationType="READ_ONLY" required="true">
          <defaultValue xsi:type="EM:StringValue" value="N/A"/>
          <stringTable>
            <column value="chartable"/>
            <column value="Chartable result comment"/>
          </stringTable>
          <stringTable>
            <column value="non chartable"/>
            <column value="Non-chartable result note"/>
          </stringTable>
          <stringTable>
            <column value="N/A"/>
            <column value="default Discern note"/>
          </stringTable>
          <stringTable>
            <column value="NONE"/>
            <column value="no comment"/>
          </stringTable>
        </arguments>
        <arguments name="COMMENT" dataType="CHARACTER" controlType="TEXT_MULTI_LINE"/>
      </templateDefinitions>
      <templateDefinitions xsi:type="EM:ExpertTemplate" name="EKS_ORDER_CANCEL" definition="Cancel PROCEDURE with reason of REASON" description="Cancel order" eventDependency="//@expertTemplates/@events/@event.1 //@expertTemplates/@events/@event.2 //@expertTemplates/@events/@event.3 //@expertTemplates/@events/@event.5 //@expertTemplates/@events/@event.7 //@expertTemplates/@events/@event.8 //@expertTemplates/@events/@event.9 //@expertTemplates/@events/@event.10 //@expertTemplates/@events/@event.12 //@expertTemplates/@events/@event.15 //@expertTemplates/@events/@event.22 //@expertTemplates/@events/@event.31 //@expertTemplates/@events/@event.35 //@expertTemplates/@events/@event.37 //@expertTemplates/@events/@event.38 //@expertTemplates/@events/@event.40 //@expertTemplates/@events/@event.41 //@expertTemplates/@events/@event.49 //@expertTemplates/@events/@event.53 //@expertTemplates/@events/@event.55 //@expertTemplates/@events/@event.59 //@expertTemplates/@events/@event.70 //@expertTemplates/@events/@event.71 //@expertTemplates/@events/@event.73">
        <keywords>ORDER</keywords>
        <arguments name="PROCEDURE" dataType="LINK" controlType="TEMPLATE_REFERENCE" required="true"/>
        <arguments xsi:type="EM:ReferentialArgument" name="REASON" dataType="CHARACTER" controlType="REFERENTIAL" required="true">
          <statements dependency="REASON" statement="EKS_UAR_CODELUP_REFHELP 1309 GO&#xD;&#xA;&#xD;&#xA;/* select display_key from code_value where code_set = 1309 */"/>
        </arguments>
      </templateDefinitions>
    </actionTemplates>
  </expertTemplates>
  <ruleDefinition>
    <evokeSection>
      <evokes evokeEvent="//@expertTemplates/@events/@event.55">
        <logicExpression xsi:type="EM:GroupExpression">
          <expression xsi:type="EM:InfixExpression" operator="OR">
            <leftExpression xsi:type="EM:Antecedent" id="E1" template="EKS_RESULT_STA">
              <facts argument="PROCEDURE">
                <value xsi:type="EM:StringValue" value="C. diff Toxin"/>
              </facts>
              <facts argument="RESULT_STATUS">
                <value xsi:type="EM:StringValue" value="PERFORMED"/>
              </facts>
            </leftExpression>
            <rightExpression xsi:type="EM:Antecedent" id="E2" template="EKS_RESULT_STA">
              <facts argument="PROCEDURE">
                <value xsi:type="EM:StringValue" value="Toxigenic C. diff PCR"/>
              </facts>
              <facts argument="RESULT_STATUS">
                <value xsi:type="EM:StringValue" value="PERFORMED"/>
              </facts>
            </rightExpression>
          </expression>
        </logicExpression>
      </evokes>
    </evokeSection>
    <logicSection>
      <logicExpression xsi:type="EM:InfixExpression">
        <leftExpression xsi:type="EM:Antecedent" id="L1" template="EKS_STOP_LOGIC_L">
          <facts argument="MODE">
            <value xsi:type="EM:StringValue" value="STOP"/>
          </facts>
        </leftExpression>
        <rightExpression xsi:type="EM:InfixExpression">
          <leftExpression xsi:type="EM:Antecedent" id="L2" template="EKS_RESULT_STATUS">
            <facts argument="RESULT_STATUS">
              <value xsi:type="EM:StringValue" value="PERFORMED"/>
            </facts>
            <facts argument="PROCEDURE">
              <value xsi:type="EM:StringValue" value="Toxigenic C. diff PCR"/>
            </facts>
          </leftExpression>
          <rightExpression xsi:type="EM:InfixExpression">
            <leftExpression xsi:type="EM:Antecedent" id="L3" template="EKS_STOP_LOGIC_L">
              <facts argument="MODE">
                <value xsi:type="EM:StringValue" value="CONTINUE"/>
              </facts>
            </leftExpression>
            <rightExpression xsi:type="EM:InfixExpression">
              <leftExpression xsi:type="EM:Antecedent" id="L4" template="EKS_RESULT_STATUS">
                <facts argument="RESULT_STATUS">
                  <value xsi:type="EM:StringValue" value="PERFORMED"/>
                </facts>
                <facts argument="PROCEDURE">
                  <value xsi:type="EM:StringValue" value="C. diff Toxin"/>
                </facts>
              </leftExpression>
              <rightExpression xsi:type="EM:InfixExpression">
                <leftExpression xsi:type="EM:Antecedent" id="L5" template="EKS_EVAL_L">
                  <facts argument="EXPRESSION">
                    <value xsi:type="EM:StringValue" value="&quot;@RESULT:2&quot; = &quot;Negative&quot;"/>
                  </facts>
                </leftExpression>
                <rightExpression xsi:type="EM:InfixExpression">
                  <leftExpression xsi:type="EM:Antecedent" id="L6" template="EKS_EVAL_L">
                    <facts argument="EXPRESSION">
                      <value xsi:type="EM:StringValue" value="&quot;@RESULT:2&quot; = &quot;POSITIVE&quot;"/>
                    </facts>
                  </leftExpression>
                  <rightExpression xsi:type="EM:InfixExpression">
                    <leftExpression xsi:type="EM:Antecedent" id="L7" template="EKS_EVAL_L">
                      <facts argument="EXPRESSION">
                        <value xsi:type="EM:StringValue" value="&quot;@RESULT:2&quot; = &quot;INDETERMINATE&quot;"/>
                      </facts>
                    </leftExpression>
                    <rightExpression xsi:type="EM:InfixExpression">
                      <leftExpression xsi:type="EM:Antecedent" id="L8" template="EKS_EVAL_L">
                        <facts argument="EXPRESSION">
                          <value xsi:type="EM:StringValue" value="&quot;@RESULT:2&quot; = &quot;Not Performed&quot;"/>
                        </facts>
                      </leftExpression>
                      <rightExpression xsi:type="EM:InfixExpression">
                        <leftExpression xsi:type="EM:Antecedent" id="L9" template="EKS_EVAL_L">
                          <facts argument="EXPRESSION">
                            <value xsi:type="EM:StringValue" value="&quot;@RESULT:4&quot; = &quot;POSITIVE&quot;"/>
                          </facts>
                        </leftExpression>
                        <rightExpression xsi:type="EM:InfixExpression">
                          <leftExpression xsi:type="EM:Antecedent" id="L10" template="EKS_EVAL_L">
                            <facts argument="EXPRESSION">
                              <value xsi:type="EM:StringValue" value="&quot;@RESULT:4&quot; = &quot;NEGATIVE&quot;"/>
                            </facts>
                          </leftExpression>
                          <rightExpression xsi:type="EM:InfixExpression">
                            <leftExpression xsi:type="EM:Antecedent" id="L11" template="EKS_EVAL_L">
                              <facts argument="EXPRESSION">
                                <value xsi:type="EM:StringValue" value="&quot;@RESULT:4&quot; = &quot;INDETERMINATE&quot;"/>
                              </facts>
                            </leftExpression>
                            <rightExpression xsi:type="EM:Antecedent" id="L12" template="EKS_ORDERS_FIND_L">
                              <facts argument="ORD_METHOD">
                                <value xsi:type="EM:StringValue" value="whose primary mnemonic is"/>
                              </facts>
                              <facts argument="OPT_ORDERS">
                                <value xsi:type="EM:ListValue">
                                  <values xsi:type="EM:ListValue">
                                    <values xsi:type="EM:CustomValue" hideDisplay="true">
                                      <customValue xsi:type="EM:StringValue" value="460993840.0"/>
                                    </values>
                                    <values xsi:type="EM:StringValue" value="C difficile PCR"/>
                                    <values xsi:type="EM:ListValue">
                                      <values xsi:type="EM:CustomValue" hideDisplay="true">
                                        <customValue xsi:type="EM:StringValue" value="2513.0|whose primary mnemonic is"/>
                                      </values>
                                      <values xsi:type="EM:CustomValue" hideDisplay="true">
                                        <customValue xsi:type="EM:StringValue" value="C|2513.0|whose primary mnemonic is"/>
                                      </values>
                                    </values>
                                  </values>
                                </value>
                              </facts>
                              <facts argument="OPT_ORDER_STATUS">
                                <value xsi:type="EM:ListValue">
                                  <values xsi:type="EM:ListValue">
                                    <values xsi:type="EM:CustomValue" hideDisplay="true">
                                      <customValue xsi:type="EM:StringValue" value="*ANY_STATUS"/>
                                    </values>
                                    <values xsi:type="EM:StringValue" value="*ANY_STATUS"/>
                                  </values>
                                </value>
                              </facts>
                              <facts argument="OPT_SCOPE">
                                <value xsi:type="EM:StringValue" value="the same accession as "/>
                              </facts>
                              <facts argument="OPT_LINK">
                                <value xsi:type="EM:AntecedentReference" antecedent="//@ruleDefinition/@logicSection/@logicExpression/@rightExpression/@leftExpression"/>
                              </facts>
                              <facts argument="OPT_QUAL">
                                <value xsi:type="EM:StringValue"/>
                              </facts>
                              <facts argument="OPT_TIME_NUM">
                                <value xsi:type="EM:StringValue"/>
                              </facts>
                              <facts argument="OPT_TIME_UNIT">
                                <value xsi:type="EM:StringValue"/>
                              </facts>
                              <facts argument="OPT_ANCHOR_DT_TM">
                                <value xsi:type="EM:StringValue"/>
                              </facts>
                            </rightExpression>
                          </rightExpression>
                        </rightExpression>
                      </rightExpression>
                    </rightExpression>
                  </rightExpression>
                </rightExpression>
              </rightExpression>
            </rightExpression>
          </rightExpression>
        </rightExpression>
      </logicExpression>
    </logicSection>
    <actionSection>
      <action xsi:type="EM:ActionGroups">
        <actionGroups>
          <logicExpression xsi:type="EM:InfixExpression">
            <leftExpression xsi:type="EM:LogicReference" antecedent="//@ruleDefinition/@logicSection/@logicExpression/@rightExpression/@leftExpression"/>
            <rightExpression xsi:type="EM:InfixExpression">
              <leftExpression xsi:type="EM:LogicReference" antecedent="//@ruleDefinition/@logicSection/@logicExpression/@rightExpression/@rightExpression/@rightExpression/@rightExpression/@leftExpression"/>
              <rightExpression xsi:type="EM:LogicReference" antecedent="//@ruleDefinition/@logicSection/@logicExpression/@rightExpression/@rightExpression/@rightExpression/@rightExpression/@rightExpression/@rightExpression/@rightExpression/@rightExpression/@rightExpression/@rightExpression/@rightExpression"/>
            </rightExpression>
          </logicExpression>
          <actionExpression>
            <logicExpression xsi:type="EM:InfixExpression">
              <leftExpression xsi:type="EM:Antecedent" id="A1" template="EKS_RESULT_COMMENT">
                <facts argument="CHART">
                  <value xsi:type="EM:StringValue" value="chartable"/>
                </facts>
                <facts argument="COMMENT">
                  <value xsi:type="EM:StringValue" value="Tested by PCR for C diff toxin B gene"/>
                </facts>
                <facts argument="EDIT_ACTION">
                  <value xsi:type="EM:StringValue" value="APPEND"/>
                </facts>
                <facts argument="PROCEDURE">
                  <value xsi:type="EM:AntecedentReference" antecedent="//@ruleDefinition/@logicSection/@logicExpression/@rightExpression/@leftExpression"/>
                </facts>
              </leftExpression>
              <rightExpression xsi:type="EM:InfixExpression">
                <leftExpression xsi:type="EM:Antecedent" id="A2" template="EKS_RESULT_CREATE">
                  <facts argument="RESULT_STATUS">
                    <value xsi:type="EM:StringValue" value="verified"/>
                  </facts>
                  <facts argument="RESULT">
                    <value xsi:type="EM:StringValue" value="NOT NEEDED"/>
                  </facts>
                  <facts argument="PROCEDURE1">
                    <value xsi:type="EM:StringValue" value="C. diff Isolation"/>
                  </facts>
                  <facts argument="CHART">
                    <value xsi:type="EM:StringValue" value="chartable"/>
                  </facts>
                  <facts argument="COMMENT">
                    <value xsi:type="EM:StringValue" value="Interpretation and treatment must be based on clinical suspicion and context. "/>
                  </facts>
                  <facts argument="PROCEDURE2">
                    <value xsi:type="EM:AntecedentReference" antecedent="//@ruleDefinition/@logicSection/@logicExpression/@rightExpression/@leftExpression"/>
                  </facts>
                </leftExpression>
                <rightExpression xsi:type="EM:Antecedent" id="A3" template="EKS_RESULT_VERIFY_A">
                  <facts argument="PROCEDURE">
                    <value xsi:type="EM:AntecedentReference" antecedent="//@ruleDefinition/@logicSection/@logicExpression/@rightExpression/@rightExpression/@rightExpression/@rightExpression/@rightExpression/@rightExpression/@rightExpression/@rightExpression/@rightExpression/@rightExpression/@rightExpression"/>
                  </facts>
                  <facts argument="CHART">
                    <value xsi:type="EM:StringValue" value="N/A"/>
                  </facts>
                  <facts argument="COMMENT">
                    <value xsi:type="EM:StringValue"/>
                  </facts>
                </rightExpression>
              </rightExpression>
            </logicExpression>
          </actionExpression>
        </actionGroups>
        <actionGroups>
          <logicExpression xsi:type="EM:InfixExpression">
            <leftExpression xsi:type="EM:LogicReference" antecedent="//@ruleDefinition/@logicSection/@logicExpression/@rightExpression/@leftExpression"/>
            <rightExpression xsi:type="EM:InfixExpression">
              <leftExpression xsi:type="EM:LogicReference" antecedent="//@ruleDefinition/@logicSection/@logicExpression/@rightExpression/@rightExpression/@rightExpression/@leftExpression"/>
              <rightExpression xsi:type="EM:InfixExpression">
                <leftExpression xsi:type="EM:LogicReference" antecedent="//@ruleDefinition/@logicSection/@logicExpression/@rightExpression/@rightExpression/@rightExpression/@rightExpression/@rightExpression/@leftExpression"/>
                <rightExpression xsi:type="EM:InfixExpression">
                  <leftExpression xsi:type="EM:LogicReference" antecedent="//@ruleDefinition/@logicSection/@logicExpression/@rightExpression/@rightExpression/@rightExpression/@rightExpression/@rightExpression/@rightExpression/@rightExpression/@rightExpression/@leftExpression"/>
                  <rightExpression xsi:type="EM:LogicReference" antecedent="//@ruleDefinition/@logicSection/@logicExpression/@rightExpression/@rightExpression/@rightExpression/@rightExpression/@rightExpression/@rightExpression/@rightExpression/@rightExpression/@rightExpression/@rightExpression/@rightExpression"/>
                </rightExpression>
              </rightExpression>
            </rightExpression>
          </logicExpression>
          <actionExpression>
            <logicExpression xsi:type="EM:InfixExpression">
              <leftExpression xsi:type="EM:Antecedent" id="A4" template="EKS_RESULT_COMMENT">
                <facts argument="CHART">
                  <value xsi:type="EM:StringValue" value="chartable"/>
                </facts>
                <facts argument="COMMENT">
                  <value xsi:type="EM:StringValue" value="Tested by PCR for C diff toxin B gene"/>
                </facts>
                <facts argument="EDIT_ACTION">
                  <value xsi:type="EM:StringValue" value="APPEND"/>
                </facts>
                <facts argument="PROCEDURE">
                  <value xsi:type="EM:AntecedentReference" antecedent="//@ruleDefinition/@logicSection/@logicExpression/@rightExpression/@leftExpression"/>
                </facts>
              </leftExpression>
              <rightExpression xsi:type="EM:InfixExpression">
                <leftExpression xsi:type="EM:Antecedent" id="A5" template="EKS_RESULT_COMMENT">
                  <facts argument="CHART">
                    <value xsi:type="EM:StringValue" value="chartable"/>
                  </facts>
                  <facts argument="COMMENT">
                    <value xsi:type="EM:StringValue" value="Tested by immunoassay for C diff toxins A and B"/>
                  </facts>
                  <facts argument="EDIT_ACTION">
                    <value xsi:type="EM:StringValue" value="APPEND"/>
                  </facts>
                  <facts argument="PROCEDURE">
                    <value xsi:type="EM:AntecedentReference" antecedent="//@ruleDefinition/@logicSection/@logicExpression/@rightExpression/@rightExpression/@rightExpression/@leftExpression"/>
                  </facts>
                </leftExpression>
                <rightExpression xsi:type="EM:InfixExpression">
                  <leftExpression xsi:type="EM:Antecedent" id="A6" template="EKS_RESULT_CREATE">
                    <facts argument="RESULT_STATUS">
                      <value xsi:type="EM:StringValue" value="verified"/>
                    </facts>
                    <facts argument="RESULT">
                      <value xsi:type="EM:StringValue" value="REQUIRED"/>
                    </facts>
                    <facts argument="PROCEDURE1">
                      <value xsi:type="EM:StringValue" value="C. diff Isolation"/>
                    </facts>
                    <facts argument="CHART">
                      <value xsi:type="EM:StringValue" value="chartable"/>
                    </facts>
                    <facts argument="COMMENT">
                      <value xsi:type="EM:StringValue" value="Isolation is required. Treatment is recommended. Interpretation and treatment must be based on clinical suspicion and context. @NEWLINE@NEWLINEPositive C. difficile on children less than one year old should be interpreted with caution and in the specific clinical context. A majority of infants carry C. difficile, and it is therefore not always associated with C. difficile colitis."/>
                    </facts>
                    <facts argument="PROCEDURE2">
                      <value xsi:type="EM:AntecedentReference" antecedent="//@ruleDefinition/@logicSection/@logicExpression/@rightExpression/@leftExpression"/>
                    </facts>
                  </leftExpression>
                  <rightExpression xsi:type="EM:Antecedent" id="A7" template="EKS_RESULT_VERIFY_A">
                    <facts argument="PROCEDURE">
                      <value xsi:type="EM:AntecedentReference" antecedent="//@ruleDefinition/@logicSection/@logicExpression/@rightExpression/@rightExpression/@rightExpression/@rightExpression/@rightExpression/@rightExpression/@rightExpression/@rightExpression/@rightExpression/@rightExpression/@rightExpression"/>
                    </facts>
                    <facts argument="CHART">
                      <value xsi:type="EM:StringValue" value="N/A"/>
                    </facts>
                    <facts argument="COMMENT">
                      <value xsi:type="EM:StringValue"/>
                    </facts>
                  </rightExpression>
                </rightExpression>
              </rightExpression>
            </logicExpression>
          </actionExpression>
        </actionGroups>
        <actionGroups>
          <logicExpression xsi:type="EM:InfixExpression">
            <leftExpression xsi:type="EM:LogicReference" antecedent="//@ruleDefinition/@logicSection/@logicExpression/@rightExpression/@leftExpression"/>
            <rightExpression xsi:type="EM:InfixExpression">
              <leftExpression xsi:type="EM:LogicReference" antecedent="//@ruleDefinition/@logicSection/@logicExpression/@rightExpression/@rightExpression/@rightExpression/@leftExpression"/>
              <rightExpression xsi:type="EM:InfixExpression">
                <leftExpression xsi:type="EM:LogicReference" antecedent="//@ruleDefinition/@logicSection/@logicExpression/@rightExpression/@rightExpression/@rightExpression/@rightExpression/@rightExpression/@leftExpression"/>
                <rightExpression xsi:type="EM:InfixExpression">
                  <leftExpression xsi:type="EM:LogicReference" antecedent="//@ruleDefinition/@logicSection/@logicExpression/@rightExpression/@rightExpression/@rightExpression/@rightExpression/@rightExpression/@rightExpression/@rightExpression/@rightExpression/@rightExpression/@rightExpression/@leftExpression"/>
                  <rightExpression xsi:type="EM:LogicReference" antecedent="//@ruleDefinition/@logicSection/@logicExpression/@rightExpression/@rightExpression/@rightExpression/@rightExpression/@rightExpression/@rightExpression/@rightExpression/@rightExpression/@rightExpression/@rightExpression/@rightExpression"/>
                </rightExpression>
              </rightExpression>
            </rightExpression>
          </logicExpression>
          <actionExpression>
            <logicExpression xsi:type="EM:InfixExpression">
              <leftExpression xsi:type="EM:Antecedent" id="A8" template="EKS_RESULT_COMMENT">
                <facts argument="CHART">
                  <value xsi:type="EM:StringValue" value="chartable"/>
                </facts>
                <facts argument="COMMENT">
                  <value xsi:type="EM:StringValue" value="Tested by PCR for C diff toxin B gene"/>
                </facts>
                <facts argument="EDIT_ACTION">
                  <value xsi:type="EM:StringValue" value="APPEND"/>
                </facts>
                <facts argument="PROCEDURE">
                  <value xsi:type="EM:AntecedentReference" antecedent="//@ruleDefinition/@logicSection/@logicExpression/@rightExpression/@leftExpression"/>
                </facts>
              </leftExpression>
              <rightExpression xsi:type="EM:InfixExpression">
                <leftExpression xsi:type="EM:Antecedent" id="A9" template="EKS_RESULT_COMMENT">
                  <facts argument="CHART">
                    <value xsi:type="EM:StringValue" value="chartable"/>
                  </facts>
                  <facts argument="COMMENT">
                    <value xsi:type="EM:StringValue" value="Contact Infection prevention if further testing is required. Tested by immunoassay for C diff toxins A and B"/>
                  </facts>
                  <facts argument="EDIT_ACTION">
                    <value xsi:type="EM:StringValue" value="APPEND"/>
                  </facts>
                  <facts argument="PROCEDURE">
                    <value xsi:type="EM:AntecedentReference" antecedent="//@ruleDefinition/@logicSection/@logicExpression/@rightExpression/@rightExpression/@rightExpression/@leftExpression"/>
                  </facts>
                </leftExpression>
                <rightExpression xsi:type="EM:InfixExpression">
                  <leftExpression xsi:type="EM:Antecedent" id="A10" template="EKS_RESULT_CREATE">
                    <facts argument="RESULT_STATUS">
                      <value xsi:type="EM:StringValue" value="verified"/>
                    </facts>
                    <facts argument="RESULT">
                      <value xsi:type="EM:StringValue" value="REQUIRED"/>
                    </facts>
                    <facts argument="PROCEDURE1">
                      <value xsi:type="EM:StringValue" value="C. diff Isolation"/>
                    </facts>
                    <facts argument="CHART">
                      <value xsi:type="EM:StringValue" value="chartable"/>
                    </facts>
                    <facts argument="COMMENT">
                      <value xsi:type="EM:StringValue" value="Results indicate probable colonization. Continue isolation. Treatment may not be indicated.  Interpretation and treatment must be based on clinical suspicion and context. @NEWLINE@NEWLINEPositive C. difficile on children less than one year old should be interpreted with caution and in the specific clinical context. A majority of infants carry C. difficile, and it is therefore not always associated with C. difficile colitis."/>
                    </facts>
                    <facts argument="PROCEDURE2">
                      <value xsi:type="EM:AntecedentReference" antecedent="//@ruleDefinition/@logicSection/@logicExpression/@rightExpression/@leftExpression"/>
                    </facts>
                  </leftExpression>
                  <rightExpression xsi:type="EM:Antecedent" id="A11" template="EKS_RESULT_VERIFY_A">
                    <facts argument="PROCEDURE">
                      <value xsi:type="EM:AntecedentReference" antecedent="//@ruleDefinition/@logicSection/@logicExpression/@rightExpression/@rightExpression/@rightExpression/@rightExpression/@rightExpression/@rightExpression/@rightExpression/@rightExpression/@rightExpression/@rightExpression/@rightExpression"/>
                    </facts>
                    <facts argument="CHART">
                      <value xsi:type="EM:StringValue" value="N/A"/>
                    </facts>
                    <facts argument="COMMENT">
                      <value xsi:type="EM:StringValue"/>
                    </facts>
                  </rightExpression>
                </rightExpression>
              </rightExpression>
            </logicExpression>
          </actionExpression>
        </actionGroups>
        <actionGroups>
          <logicExpression xsi:type="EM:InfixExpression">
            <leftExpression xsi:type="EM:LogicReference" antecedent="//@ruleDefinition/@logicSection/@logicExpression/@rightExpression/@leftExpression"/>
            <rightExpression xsi:type="EM:InfixExpression">
              <leftExpression xsi:type="EM:LogicReference" antecedent="//@ruleDefinition/@logicSection/@logicExpression/@rightExpression/@rightExpression/@rightExpression/@leftExpression"/>
              <rightExpression xsi:type="EM:InfixExpression">
                <leftExpression xsi:type="EM:LogicReference" antecedent="//@ruleDefinition/@logicSection/@logicExpression/@rightExpression/@rightExpression/@rightExpression/@rightExpression/@rightExpression/@leftExpression"/>
                <rightExpression xsi:type="EM:InfixExpression">
                  <leftExpression xsi:type="EM:LogicReference" antecedent="//@ruleDefinition/@logicSection/@logicExpression/@rightExpression/@rightExpression/@rightExpression/@rightExpression/@rightExpression/@rightExpression/@rightExpression/@rightExpression/@rightExpression/@leftExpression"/>
                  <rightExpression xsi:type="EM:LogicReference" antecedent="//@ruleDefinition/@logicSection/@logicExpression/@rightExpression/@rightExpression/@rightExpression/@rightExpression/@rightExpression/@rightExpression/@rightExpression/@rightExpression/@rightExpression/@rightExpression/@rightExpression"/>
                </rightExpression>
              </rightExpression>
            </rightExpression>
          </logicExpression>
          <actionExpression>
            <logicExpression xsi:type="EM:InfixExpression">
              <leftExpression xsi:type="EM:Antecedent" id="A12" template="EKS_RESULT_COMMENT">
                <facts argument="CHART">
                  <value xsi:type="EM:StringValue" value="chartable"/>
                </facts>
                <facts argument="COMMENT">
                  <value xsi:type="EM:StringValue" value="Tested by PCR for C diff toxin B gene"/>
                </facts>
                <facts argument="EDIT_ACTION">
                  <value xsi:type="EM:StringValue" value="APPEND"/>
                </facts>
                <facts argument="PROCEDURE">
                  <value xsi:type="EM:AntecedentReference" antecedent="//@ruleDefinition/@logicSection/@logicExpression/@rightExpression/@leftExpression"/>
                </facts>
              </leftExpression>
              <rightExpression xsi:type="EM:InfixExpression">
                <leftExpression xsi:type="EM:Antecedent" id="A13" template="EKS_RESULT_COMMENT">
                  <facts argument="CHART">
                    <value xsi:type="EM:StringValue" value="chartable"/>
                  </facts>
                  <facts argument="COMMENT">
                    <value xsi:type="EM:StringValue" value="Tested by immunoassay for C diff toxins A and B"/>
                  </facts>
                  <facts argument="EDIT_ACTION">
                    <value xsi:type="EM:StringValue" value="APPEND"/>
                  </facts>
                  <facts argument="PROCEDURE">
                    <value xsi:type="EM:AntecedentReference" antecedent="//@ruleDefinition/@logicSection/@logicExpression/@rightExpression/@rightExpression/@rightExpression/@leftExpression"/>
                  </facts>
                </leftExpression>
                <rightExpression xsi:type="EM:InfixExpression">
                  <leftExpression xsi:type="EM:Antecedent" id="A14" template="EKS_RESULT_CREATE">
                    <facts argument="RESULT_STATUS">
                      <value xsi:type="EM:StringValue" value="verified"/>
                    </facts>
                    <facts argument="RESULT">
                      <value xsi:type="EM:StringValue" value="REQUIRED"/>
                    </facts>
                    <facts argument="PROCEDURE1">
                      <value xsi:type="EM:StringValue" value="C. diff Isolation"/>
                    </facts>
                    <facts argument="CHART">
                      <value xsi:type="EM:StringValue" value="chartable"/>
                    </facts>
                    <facts argument="COMMENT">
                      <value xsi:type="EM:StringValue" value="Results indicate probable colonization. Continue isolation. Treatment may not be indicated.  Interpretation and treatment must be based on clinical suspicion and context. @NEWLINE@NEWLINEPositive C. difficile on children less than one year old should be interpreted with caution and in the specific clinical context. A majority of infants carry C. difficile, and it is therefore not always associated with C. difficile colitis."/>
                    </facts>
                    <facts argument="PROCEDURE2">
                      <value xsi:type="EM:AntecedentReference" antecedent="//@ruleDefinition/@logicSection/@logicExpression/@rightExpression/@leftExpression"/>
                    </facts>
                  </leftExpression>
                  <rightExpression xsi:type="EM:Antecedent" id="A15" template="EKS_RESULT_VERIFY_A">
                    <facts argument="PROCEDURE">
                      <value xsi:type="EM:AntecedentReference" antecedent="//@ruleDefinition/@logicSection/@logicExpression/@rightExpression/@rightExpression/@rightExpression/@rightExpression/@rightExpression/@rightExpression/@rightExpression/@rightExpression/@rightExpression/@rightExpression/@rightExpression"/>
                    </facts>
                    <facts argument="CHART">
                      <value xsi:type="EM:StringValue" value="N/A"/>
                    </facts>
                    <facts argument="COMMENT">
                      <value xsi:type="EM:StringValue"/>
                    </facts>
                  </rightExpression>
                </rightExpression>
              </rightExpression>
            </logicExpression>
          </actionExpression>
        </actionGroups>
        <actionGroups>
          <logicExpression xsi:type="EM:InfixExpression">
            <leftExpression xsi:type="EM:LogicReference" antecedent="//@ruleDefinition/@logicSection/@logicExpression/@rightExpression/@leftExpression"/>
            <rightExpression xsi:type="EM:InfixExpression">
              <leftExpression xsi:type="EM:LogicReference" antecedent="//@ruleDefinition/@logicSection/@logicExpression/@rightExpression/@rightExpression/@rightExpression/@rightExpression/@rightExpression/@rightExpression/@leftExpression"/>
              <rightExpression xsi:type="EM:LogicReference" antecedent="//@ruleDefinition/@logicSection/@logicExpression/@rightExpression/@rightExpression/@rightExpression/@rightExpression/@rightExpression/@rightExpression/@rightExpression/@rightExpression/@rightExpression/@rightExpression/@rightExpression"/>
            </rightExpression>
          </logicExpression>
          <actionExpression>
            <logicExpression xsi:type="EM:InfixExpression">
              <leftExpression xsi:type="EM:Antecedent" id="A16" template="EKS_RESULT_COMMENT">
                <facts argument="CHART">
                  <value xsi:type="EM:StringValue" value="chartable"/>
                </facts>
                <facts argument="COMMENT">
                  <value xsi:type="EM:StringValue" value="Inhibitory substances may be present. Tested by PCR for C diff toxin B gene."/>
                </facts>
                <facts argument="EDIT_ACTION">
                  <value xsi:type="EM:StringValue" value="APPEND"/>
                </facts>
                <facts argument="PROCEDURE">
                  <value xsi:type="EM:AntecedentReference" antecedent="//@ruleDefinition/@logicSection/@logicExpression/@rightExpression/@leftExpression"/>
                </facts>
              </leftExpression>
              <rightExpression xsi:type="EM:InfixExpression">
                <leftExpression xsi:type="EM:Antecedent" id="A17" template="EKS_RESULT_CREATE">
                  <facts argument="RESULT_STATUS">
                    <value xsi:type="EM:StringValue" value="verified"/>
                  </facts>
                  <facts argument="RESULT">
                    <value xsi:type="EM:StringValue" value="RECOLLECT"/>
                  </facts>
                  <facts argument="PROCEDURE1">
                    <value xsi:type="EM:StringValue" value="C. diff Isolation"/>
                  </facts>
                  <facts argument="CHART">
                    <value xsi:type="EM:StringValue" value="chartable"/>
                  </facts>
                  <facts argument="COMMENT">
                    <value xsi:type="EM:StringValue" value="Test failure. Submit new specimen. Interpretation and treatment must be based on clinical suspicion and context."/>
                  </facts>
                  <facts argument="PROCEDURE2">
                    <value xsi:type="EM:AntecedentReference" antecedent="//@ruleDefinition/@logicSection/@logicExpression/@rightExpression/@leftExpression"/>
                  </facts>
                </leftExpression>
                <rightExpression xsi:type="EM:Antecedent" id="A18" template="EKS_RESULT_VERIFY_A">
                  <facts argument="PROCEDURE">
                    <value xsi:type="EM:AntecedentReference" antecedent="//@ruleDefinition/@logicSection/@logicExpression/@rightExpression/@rightExpression/@rightExpression/@rightExpression/@rightExpression/@rightExpression/@rightExpression/@rightExpression/@rightExpression/@rightExpression/@rightExpression"/>
                  </facts>
                  <facts argument="CHART">
                    <value xsi:type="EM:StringValue" value="N/A"/>
                  </facts>
                  <facts argument="COMMENT">
                    <value xsi:type="EM:StringValue"/>
                  </facts>
                </rightExpression>
              </rightExpression>
            </logicExpression>
          </actionExpression>
        </actionGroups>
        <actionGroups>
          <logicExpression xsi:type="EM:InfixExpression">
            <leftExpression xsi:type="EM:LogicReference" antecedent="//@ruleDefinition/@logicSection/@logicExpression/@rightExpression/@leftExpression"/>
            <rightExpression xsi:type="EM:InfixExpression">
              <leftExpression xsi:type="EM:LogicReference" antecedent="//@ruleDefinition/@logicSection/@logicExpression/@rightExpression/@rightExpression/@rightExpression/@rightExpression/@rightExpression/@rightExpression/@rightExpression/@leftExpression"/>
              <rightExpression xsi:type="EM:LogicReference" antecedent="//@ruleDefinition/@logicSection/@logicExpression/@rightExpression/@rightExpression/@rightExpression/@rightExpression/@rightExpression/@rightExpression/@rightExpression/@rightExpression/@rightExpression/@rightExpression/@rightExpression"/>
            </rightExpression>
          </logicExpression>
          <actionExpression>
            <logicExpression xsi:type="EM:InfixExpression">
              <leftExpression xsi:type="EM:Antecedent" id="A19" template="EKS_RESULT_COMMENT">
                <facts argument="CHART">
                  <value xsi:type="EM:StringValue" value="chartable"/>
                </facts>
                <facts argument="COMMENT">
                  <value xsi:type="EM:StringValue" value="Test not performed. Formed stool is not an acceptable specimen for this test."/>
                </facts>
                <facts argument="EDIT_ACTION">
                  <value xsi:type="EM:StringValue" value="APPEND"/>
                </facts>
                <facts argument="PROCEDURE">
                  <value xsi:type="EM:AntecedentReference" antecedent="//@ruleDefinition/@logicSection/@logicExpression/@rightExpression/@leftExpression"/>
                </facts>
              </leftExpression>
              <rightExpression xsi:type="EM:InfixExpression">
                <leftExpression xsi:type="EM:Antecedent" id="A20" template="EKS_ORDER_CANCEL">
                  <facts argument="PROCEDURE">
                    <value xsi:type="EM:AntecedentReference" antecedent="//@ruleDefinition/@logicSection/@logicExpression/@rightExpression/@rightExpression/@rightExpression/@rightExpression/@rightExpression/@rightExpression/@rightExpression/@rightExpression/@rightExpression/@rightExpression/@rightExpression"/>
                  </facts>
                  <facts argument="REASON">
                    <value xsi:type="EM:StringValue" value="LABSOLIDFORMEDSTOOL"/>
                  </facts>
                </leftExpression>
                <rightExpression xsi:type="EM:Antecedent" id="A21" template="EKS_RESULT_VERIFY_A">
                  <facts argument="PROCEDURE">
                    <value xsi:type="EM:AntecedentReference" antecedent="//@ruleDefinition/@logicSection/@logicExpression/@rightExpression/@rightExpression/@rightExpression/@rightExpression/@rightExpression/@rightExpression/@rightExpression/@rightExpression/@rightExpression/@rightExpression/@rightExpression"/>
                  </facts>
                  <facts argument="CHART">
                    <value xsi:type="EM:StringValue" value="N/A"/>
                  </facts>
                  <facts argument="COMMENT">
                    <value xsi:type="EM:StringValue"/>
                  </facts>
                </rightExpression>
              </rightExpression>
            </logicExpression>
          </actionExpression>
        </actionGroups>
      </action>
    </actionSection>
  </ruleDefinition>
</EM:ExpertModule>
