<?xml version="1.0" encoding="UTF-8" standalone="no"?><BusinessViewExport exportDate="Thu Jan 30 06:56:02 PST 2020" version="1"><BusinessView Core="true" Desc="" Name="Core EKS Rules" UUID="92535763-7e0e-44a9-bdaa-cc292d6d0e10" active="true" deprecated="false" extended="true" nameKey="COREEKSRULES" ownerGroup="DISCERN" ownerGroupIndex="CKI.CODEVALUE!4100380044" version="2.0"><BusinessViewXml><![CDATA[<?xml version="1.0" encoding="UTF-8" standalone="no"?><BV><Cat Core="1" Desc="" Name="EKS Rules" UUID="8aad1841-9ea0-4b4f-8589-98f7e18c82fc" View="1"><Cat Core="1" Desc="" Name="EKS Module Audit" UUID="9bdb42de-848a-48d2-9c38-6f250614ad3c" View="1"><Cat Core="1" Desc="" Name="Module Audit Index" UUID="e36c4034-f8e1-434a-b987-e54aed6e3fbc" View="1"><LV Name="Core EKS Rules" UUID="e321d8e3-2947-4412-a471-2e1486a04770"><Col Core="1" Name="EKS Audit Begin DT/TM" Seq="1" UUID="8fdfdf1c-9174-4152-9b10-bb106e62cb6a" View="1"/><Col Core="1" Name="EKS Audit End DT/TM" Seq="2" UUID="c1f231d8-d4e5-49f3-9548-42c06117a7e7" View="1"/><Col Core="1" Name="EKS Audit Module Name" Seq="3" UUID="a936f295-5000-4cdd-82e2-04906f2d1424" View="1"/></LV></Cat><Cat Core="1" Desc="" Name="Module Audit Index 2" UUID="3efadf79-66ea-4fda-afb1-2fe96f969c6c" View="1"><LV Name="Core EKS Rules" UUID="e321d8e3-2947-4412-a471-2e1486a04770"><Col Core="1" Name="EKS Audit Update Dt/Tm" Seq="1" UUID="73037e13-a315-4c06-a068-5439862e8f58" View="1"/></LV></Cat><Cat Core="1" Desc="" Name="Module Audit Index 3" UUID="e3cc11c3-d1ef-48dc-8e4b-3ca64dadbedf" View="1"><LV Name="Core EKS Rules" UUID="e321d8e3-2947-4412-a471-2e1486a04770"><Col Core="1" Name="EKS Audit Update Id" Seq="1" UUID="0420138b-a715-4143-a6d1-c78a09d05602" View="1"/><Col Core="1" Name="EKS Audit Prsnl Initiated" Seq="2" UUID="0ae81357-902d-41f7-be96-54fd540b43f5" View="1"/></LV></Cat><Cat Core="1" Desc="" Name="Module Audit Index 4" UUID="1de5f96d-551d-414f-93af-b3828855c7ad" View="1"><LV Name="Core EKS Rules" UUID="e321d8e3-2947-4412-a471-2e1486a04770"><Col Core="1" Name="EKS Audit Record  Id" Seq="1" UUID="1eff106f-6074-4013-a7f9-9386b9cda36b" View="1"/></LV></Cat><LV Name="Core EKS Rules" UUID="e321d8e3-2947-4412-a471-2e1486a04770"><Col Core="1" Name="EKS Audit Action Count" NoFlt="1" Seq="1" UUID="a4206857-3e93-4f41-baf5-bff781bccd90" View="1"/><Col Core="1" Name="EKS Audit Action Return" NoFlt="1" Seq="2" UUID="35df8552-58a9-4d3b-9814-3ef2f55b67ff" View="1"/><Col Core="1" Name="EKS Audit Begin Date" NoFlt="1" Seq="3" UUID="f43dceeb-8121-4f58-b862-0c2a8e69b8ea" View="1"/><Col Core="1" Name="EKS Audit Begin Dow" NoFlt="1" Seq="4" UUID="324d3ad0-b744-4799-bf7a-740394ffdcf4" View="1"/><Col Core="1" Name="EKS Audit Begin Month" NoFlt="1" Seq="5" UUID="cef3fd8f-9a6f-423f-8e9b-b5df7f24cdae" View="1"/><Col Core="1" Name="EKS Audit Begin Quarter" NoFlt="1" Seq="6" UUID="f5170f5d-9be7-4d54-bcfa-d5813d944d0a" View="1"/><Col Core="1" Name="EKS Audit Begin Year" NoFlt="1" Seq="7" UUID="f8bf010d-5017-46a2-8500-af013fd44bc6" View="1"/><Col Core="1" Name="EKS Audit Conclude" Seq="8" UUID="2c2d736f-c4d2-40c9-b014-fed9370a9060" View="1"/><Col Core="1" Name="EKS Audit End Date" NoFlt="1" Seq="9" UUID="34880dca-e8bc-4992-9ecf-ec9c1f07686e" View="1"/><Col Core="1" Name="EKS Audit End Dow" NoFlt="1" Seq="10" UUID="87af7442-c10b-48fc-b72a-cb5c5c57e443" View="1"/><Col Core="1" Name="EKS Audit End Month" NoFlt="1" Seq="11" UUID="50cb373a-57e0-407d-acd4-1c59cdf53aba" View="1"/><Col Core="1" Name="EKS Audit End Quarter" NoFlt="1" Seq="12" UUID="19194b6d-6112-4a92-950d-439f85744f07" View="1"/><Col Core="1" Name="EKS Audit End Year" NoFlt="1" Seq="13" UUID="7f6f970c-93d3-40a9-b8c8-df0f201cec4a" View="1"/><Col Core="1" Name="EKS Audit Logic Count" NoFlt="1" Seq="14" UUID="52c24cdf-e2eb-4f12-8fac-6a62aa5b9d9d" View="1"/><Col Core="1" Name="EKS Audit Logic Return" NoFlt="1" Seq="15" UUID="d04663ba-d4ad-45f4-9dbc-fd76141e076f" View="1"/><Col Core="1" Name="EKS Audit Prsnl Id" Seq="16" UUID="8026a137-0b16-4715-b3bb-f00919f432ac" View="1"/><Col Core="1" Name="EKS Audit Prsnl Initiated Posn" NoFlt="1" Seq="17" UUID="49f2a2d6-ef55-4e93-b1d5-05a24fc4e87a" View="1"/><Col Core="1" Name="EKS Audit Server Class" NoFlt="1" Seq="18" UUID="4506cf4f-e13b-4d71-afa3-7b0c4f0a1dde" View="1"/><Col Core="1" Name="EKS Audit Server Instance" NoFlt="1" Seq="19" UUID="eabf9108-5f17-4763-818c-4a3fae0d0d8a" View="1"/><Col Core="1" Name="EKS Audit Server Number" Seq="20" UUID="dab31c66-0a6c-431f-8db7-b3158ce55d2d" View="1"/><Col Core="1" Name="EKS Audit Update Date" NoFlt="1" Seq="21" UUID="c7b3ad8a-81a3-4772-9790-2098fb6a80d6" View="1"/><Col Core="1" Name="EKS Audit Update Dow" NoFlt="1" Seq="22" UUID="5682d846-0c28-4fbf-9aad-f62f281c50dc" View="1"/><Col Core="1" Name="EKS Audit Updated Prsnl Posn" NoFlt="1" Seq="23" UUID="8e628408-a3c5-43c1-9dcc-1c97e5150788" View="1"/><Col Core="1" Name="EKS Audit Update Month" NoFlt="1" Seq="24" UUID="ad7e0f4e-6d4d-4ee1-8502-3a2571fb4440" View="1"/><Col Core="1" Name="EKS Audit Update Quarter" NoFlt="1" Seq="25" UUID="b641a458-a4ef-461e-95e6-6ca0047c524d" View="1"/><Col Core="1" Name="EKS Audit Update Year" NoFlt="1" Seq="26" UUID="fe80b0fc-dd2e-4ad7-88fd-21abb149744d" View="1"/><Col Core="1" Name="# EKS Audits" NoFlt="1" Seq="27" UUID="ae5731a3-9d48-4c62-904d-5a4600ec48e2" View="1"/></LV></Cat><Cat Core="1" Desc="" Name="EKS Module Audit Detail" UUID="20745b0f-1311-4dae-918b-09494ec4936b" View="1"><Cat Core="1" Desc="" Name="Audit Det Index" UUID="6e487dac-cdee-44e1-8210-38e42f429a2d" View="1"><LV Name="Core EKS Rules" UUID="e321d8e3-2947-4412-a471-2e1486a04770"><Col Core="1" Name="EKS Audit Det Person Id" Seq="1" UUID="47d799d5-abbb-429b-a7bc-e87bc41bee90" View="1"/></LV></Cat><Cat Core="1" Desc="" Name="Audit Det Index 2" UUID="74b2dea7-92fb-4b9f-8729-f607045598c8" View="1"><LV Name="Core EKS Rules" UUID="e321d8e3-2947-4412-a471-2e1486a04770"><Col Core="1" Name="EKS Audit Det Encounter Id" Seq="1" UUID="70032aef-5f67-4ed0-ba12-828116960c1d" View="1"/></LV></Cat><Cat Core="1" Desc="" Name="Audit Det Index 3" UUID="0ee59ba1-8362-45b8-b603-17783ee72cc6" View="1"><LV Name="Core EKS Rules" UUID="e321d8e3-2947-4412-a471-2e1486a04770"><Col Core="1" Name="EKS Audit Det Update Dt/Tm" Seq="1" UUID="d07f029e-c7e7-4dc5-a722-a89af9e62746" View="1"/></LV></Cat><Cat Core="1" Desc="" Name="Audit Det Index 4" UUID="e1e5e505-f895-4935-be12-f46f8d833867" View="1"><LV Name="Core EKS Rules" UUID="e321d8e3-2947-4412-a471-2e1486a04770"><Col Core="1" Name="EKS Audit Det Id" Seq="1" UUID="dba59447-98b1-42db-8778-52570112d224" View="1"/></LV></Cat><LV Name="Core EKS Rules" UUID="e321d8e3-2947-4412-a471-2e1486a04770"><Col Core="1" Name="EKS Audit Det Accession Id" Seq="0" UUID="45fa376d-b2d5-4cea-a85c-5bfe6149f366" View="1"/><Col Core="1" Name="EKS Audit Det Logging" NoFlt="1" Seq="1" UUID="66fa4a48-4a05-408a-a489-0a5ab030d62a" View="1"/><Col Core="1" Name="EKS Audit Det Ord Id" Seq="2" UUID="e3503ea4-38d5-4576-96db-ea7c94986a04" View="1"/><Col Core="1" Name="EKS Audit Det Task Assay" NoFlt="1" Seq="3" UUID="eb882f26-9ea9-4d9b-8e2d-574b957acf0f" View="1"/><Col Core="1" Name="EKS Audit Det Template Nbr" Seq="5" UUID="6e537749-769b-4ca7-96ac-5362be5c5b49" View="1"/><Col Core="1" Name="EKS Audit Det Template Return" NoFlt="1" Seq="6" UUID="ae317431-e348-418c-82b4-c61ce99d4ce4" View="1"/><Col Core="1" Name="EKS Audit Det Template Type" Seq="7" UUID="66977f00-2fea-4a14-b7f7-6e801d4de808" View="1"/><Col Core="1" Name="EKS Audit Det Template Name" Seq="8" UUID="fe8c11f9-1518-4b46-b441-cbbf352f183b" View="1"/><Col Core="1" Name="# EKS Audit Templates" NoFlt="1" Seq="9" UUID="3b2a9bbd-844c-4c5c-8882-63460e61e0fa" View="1"/></LV></Cat><Cat Core="1" Desc="List of EKS Modules" Name="EKS Module" UUID="ef63aaaf-5c60-41af-bef7-c7cc9acdf64a" View="1"><Cat Core="1" Desc="Index=Module Name, Version, Active_flag" Name="Module Recommended Qualifications" UUID="3faabe4b-301a-41a9-9dfb-5571485cd3eb" View="1"><LV Name="Core EKS Rules" UUID="e321d8e3-2947-4412-a471-2e1486a04770"><Col Core="1" Name="EKS Module Name" Seq="1" UUID="a41bb255-57a8-460e-9078-0818a846f2e6" View="1"/><Col Core="1" Name="EKS Module Version" Seq="2" UUID="197cfa18-27b1-4b81-9b12-56ec1978f59c" View="1"/><Col Core="1" Name="EKS Module Active Flag" Seq="3" UUID="24a9a311-3033-42cb-a987-b809f7a184ed" View="1"/></LV></Cat><LV Name="Core EKS Rules" UUID="e321d8e3-2947-4412-a471-2e1486a04770"><Col Core="1" Name="EKS Module Know Priority" NoFlt="1" Seq="2" UUID="872a9110-94f6-4548-81c2-a5f33d23f415" View="1"/><Col Core="1" Name="EKS Module Know Type" NoFlt="1" Seq="3" UUID="8712ec21-0015-4e20-9524-54a7619712dc" View="1"/><Col Core="1" Name="EKS Module Know Urgency" NoFlt="1" Seq="4" UUID="59f4aa7d-808d-431b-8ce5-92a3dcea08ea" View="1"/><Col Core="1" Name="EKS Module Maint Author" NoFlt="1" Seq="5" UUID="3fc4e02a-17f7-45e0-8e51-a7bf1c734f91" View="1"/><Col Core="1" Name="EKS Module Created Dt/Tm" Seq="6" UUID="f8fe297f-c765-49a5-ba00-6c02bb67181d" View="1"/><Col Core="1" Name="EKS Module Maint Filename" NoFlt="1" Seq="7" UUID="0b0471ba-a234-4c16-bb3c-9afd8b517dca" View="1"/><Col Core="1" Name="EKS Module Maint Institution" NoFlt="1" Seq="8" UUID="bf22b5a5-5598-495f-8e4e-1cd8e1f19f57" View="1"/><Col Core="1" Name="EKS Module Maint Specialist" NoFlt="1" Seq="9" UUID="1997f20b-5ae0-4d62-9a28-c628d17228e8" View="1"/><Col Core="1" Name="EKS Module Title" NoFlt="1" Seq="10" UUID="963db850-3e1e-4b33-bf8f-2f2675f19a1b" View="1"/><Col Core="1" Name="EKS Module Maint Validation" Seq="11" UUID="f14ba011-8bb5-48a2-8ef5-6534327bad3a" View="1"/><Col Core="1" Name="EKS Module Num Storage" NoFlt="1" Seq="12" UUID="9b1ce580-f1c2-401f-9790-f1842ff9c28a" View="1"/><Col Core="1" Name="EKS Module Release" NoFlt="1" Seq="13" UUID="dcff4b3f-8653-4ad6-9118-d7b77d5be0cc" View="1"/><Col Core="1" Name="EKS Module Update Prsnl" Seq="14" UUID="2e11b232-f0f1-44d2-8c24-e8f9387c19c9" View="1"/><Col Core="1" Name="EKS Module Updt Dt/Tm" Seq="15" UUID="5a1146bb-b9f0-41f8-9b1c-0c0fa17bf746" View="1"/><Col Core="1" Name="EKS Module Reconcile Flag" Seq="16" UUID="c35bc80a-cfac-4309-8ece-539c7f2cae07" View="1"/><Col Name="EKS Module Maint Begin Dt/Tm" Seq="17" UUID="0e95c0a1-adc0-4dda-91da-8fc025f0589b" View="1"/><Col Name="EKS Module Maint End Dt/Tm" Seq="18" UUID="b159fe4b-1b4a-42d9-be9e-08cdea6f5151" View="1"/><Col Name="# EKS Modules" NoFlt="1" Seq="19" UUID="594c7ce7-5a51-493e-9144-a03367ac0682" View="1"/></LV></Cat><Cat Core="1" Desc="List of EKS Templates" Name="EKS Template" UUID="72e4461d-c67b-4640-9882-b89356288a11" View="1"><Cat Core="1" Desc="Index=Module Name, Version, Active_flag  &#13;&#10;Index2=Active_flag" Name="Template Recommended Qualifications" UUID="165335a2-6e64-4cdb-99c0-093fd18691d0" View="1"><LV Name="Core EKS Rules" UUID="e321d8e3-2947-4412-a471-2e1486a04770"><Col Core="1" Name="EKS Template Version" Seq="1" UUID="b7fca415-563b-44a4-bc2b-87d666847d86" View="1"/><Col Core="1" Name="EKS Template Active Flag" Seq="2" UUID="04cfd71b-54de-430c-b604-eb32f1deea67" View="1"/><Col Core="1" Name="EKS Template Name" Seq="0" UUID="d76e5ea5-3ff5-4a43-b74e-237783142bab" View="1"/></LV></Cat><LV Name="Core EKS Rules" UUID="e321d8e3-2947-4412-a471-2e1486a04770"><Col Core="1" Name="EKS Template Description" NoFlt="1" Seq="1" UUID="efb752a7-ffc0-424c-a3bc-00e0b1425bcd" View="1"/><Col Core="1" Name="EKS Template Keyword" NoFlt="1" Seq="3" UUID="c5be3206-5957-436a-aeb7-cc36764c80be" View="1"/><Col Core="1" Name="EKS Template Num Params" NoFlt="1" Seq="4" UUID="d0a12d53-c1e8-4c24-bf85-777a051c1f75" View="1"/><Col Core="1" Name="EKS Template Recommend Flag" NoFlt="1" Seq="5" UUID="639a1560-dd78-4fc2-a16f-00093233f713" View="1"/><Col Core="1" Name="EKS Template Update Prsnl" Seq="6" UUID="74de740c-4c3c-46b4-8883-4ef4b5c16aa1" View="1"/><Col Core="1" Name="EKS Template Updt Dt/Tm" Seq="7" UUID="272668c3-6aa5-4892-b2fe-a1d0020d8b86" View="1"/><Col Core="1" Name="EKS Template Editor Def" NoFlt="1" Seq="2" UUID="04c2a046-1e99-4274-87d8-f355eb18c0d7" View="1"/><Col Core="1" Name="EKS Template Type" NoFlt="1" Seq="8" UUID="2c79b594-ceb9-435c-b643-dfb584279840" View="1"/></LV></Cat></Cat></BV>]]></BusinessViewXml></BusinessView></BusinessViewExport>