<?xml version="1.0" encoding="UTF-8" standalone="no"?><LogicalViewExport exportDate="Thu Jan 30 06:56:33 PST 2020" version="1"><LogicalView active="true" core="true" deprecated="false" description="" extended="true" name="Core EKS Rules" nameKey="COREEKSRULES" ownerGroup="DISCERN" ownerGroupIndex="CKI.CODEVALUE!4100380044" uuid="e321d8e3-2947-4412-a471-2e1486a04770" version="2.0"><TableRelationships><TableRelationship core="true" fromExpression="" joinType="Regular" required="false" sequence="1" whereExpression="EKS_MA.REC_ID = EKS_MAD.MODULE_AUDIT_ID(+)"><table active="true" alias="EKS_MA" core="true" databaseLinkName="" deprecated="false" name="EKS_MODULE_AUDIT"/><joinTable active="true" alias="EKS_MAD" core="true" databaseLinkName="" deprecated="false" name="EKS_MODULE_AUDIT_DET"/></TableRelationship><TableRelationship core="true" fromExpression="" joinType="Regular" required="false" sequence="2" whereExpression="eks_module.maint_dur_begin_dt_tm &lt;= CCLSQL_CNVTDATETIMEUTC (SYSDATE,1,:CURTIMEZONESYS,:CURUTC) and&#13;&#10;eks_module.maint_dur_end_dt_tm &gt;= CCLSQL_CNVTDATETIMEUTC (SYSDATE,1,:CURTIMEZONESYS,:CURUTC)"><table active="true" alias="EKS_MODULE" core="true" databaseLinkName="" deprecated="false" name="EKS_MODULE"/></TableRelationship><TableRelationship core="true" fromExpression="" joinType="Regular" required="false" sequence="3" whereExpression="eks_module.module_name=eks_ma.module_name(+)"><table active="true" alias="EKS_MODULE" core="true" databaseLinkName="" deprecated="false" name="EKS_MODULE"/><joinTable active="true" alias="EKS_MA" core="true" databaseLinkName="" deprecated="false" name="EKS_MODULE_AUDIT"/></TableRelationship><TableRelationship core="true" fromExpression="" joinType="Regular" required="false" sequence="4" whereExpression="eks_template.template_name=eks_mad.template_name"><table active="true" alias="EKS_TEMPLATE" core="true" databaseLinkName="" deprecated="false" name="EKS_TEMPLATE"/><joinTable active="true" alias="EKS_MAD" core="true" databaseLinkName="" deprecated="false" name="EKS_MODULE_AUDIT_DET"/></TableRelationship><TableRelationship core="true" fromExpression="" joinType="Regular" required="false" sequence="5" whereExpression=""><table active="true" alias="EKS_MA" core="true" databaseLinkName="" deprecated="false" name="EKS_MODULE_AUDIT"/></TableRelationship></TableRelationships><Elements><Element active="true" aggregationCode="" columnExpression="omf_get_prsnl_full(EKS_MA.updt_id)" core="true" dataFormat=" " dataType="String" deprecated="false" description="Person from the personnel table (prsnl) that caused the last insert  or update of the row in the table.                                                        " elementType="DIMENSION" filterCodeset="0.0" filterQualification="EKS_MA.updt_id" filtered="true" groupBy="false" groupByColumn="false" groupByExpression=" " groupByQualification="true" name="EKS Audit Update Id" nameKey="EKSAUDITUPDATEID" ownerGroup="DISCERN" ownerGroupIndex="CKI.CODEVALUE!4100380044" qualificationDataType="Numeric" qualificationExpression="" sortMethod="SELECT" uuid="0420138b-a715-4143-a6d1-c78a09d05602" version="1.0"><ElementFilter active="true" core="true" description="" displayFunction="omf_get_pers_full" filterMeaning="PM PRSNL" parentEntityTable="PERSON" scriptNumber="950169.0" showAll="false" showInactive="false" value1="omf_get_prsnl_list" value2=" " value3=" " value4=" " value5=" "/></Element><Element active="true" aggregationCode="" columnExpression="eks_template.EDITOR_DEF " core="true" dataFormat=" " dataType="String" deprecated="false" description=" The template's text that is viewable in  the EKM editor.  This text contains embedded  parameter names" elementType="DIMENSION" filterCodeset="0.0" filterQualification=" " filtered="false" groupBy="false" groupByColumn="true" groupByExpression=" " groupByQualification="false" name="EKS Template Editor Def" nameKey="EKSTEMPLATEEDITORDEF" ownerGroup="DISCERN" ownerGroupIndex="CKI.CODEVALUE!4100380044" qualificationDataType="String" qualificationExpression="" sortMethod="SELECT" uuid="04c2a046-1e99-4274-87d8-f355eb18c0d7" version="1.0"/><Element active="true" aggregationCode="" columnExpression="eks_template.active_flag" core="true" dataFormat=" " dataType="String" deprecated="false" description="I=Inactive, A=Active" elementType="DIMENSION" filterCodeset="0.0" filterQualification=" " filtered="true" groupBy="false" groupByColumn="true" groupByExpression=" " groupByQualification="false" name="EKS Template Active Flag" nameKey="EKSTEMPLATEACTIVEFLAG" ownerGroup="DISCERN" ownerGroupIndex="CKI.CODEVALUE!4100380044" qualificationDataType="String" qualificationExpression="" sortMethod="SELECT" uuid="04cfd71b-54de-430c-b604-eb32f1deea67" version="1.0"/><Element active="true" aggregationCode="" columnExpression="omf_get_prsnl_full(EKS_MA.personnel_id)" core="true" dataFormat=" " dataType="String" deprecated="false" description=" Personnel of the person that initiated module firing by performing system request " elementType="DIMENSION" filterCodeset="0.0" filterQualification="EKS_MA.personnel_id" filtered="true" groupBy="false" groupByColumn="false" groupByExpression=" " groupByQualification="true" name="EKS Audit Prsnl Initiated" nameKey="EKSAUDITPRSNLINITIATED" ownerGroup="DISCERN" ownerGroupIndex="CKI.CODEVALUE!4100380044" qualificationDataType="Numeric" qualificationExpression="" sortMethod="SELECT" uuid="0ae81357-902d-41f7-be96-54fd540b43f5" version="1.0"><ElementFilter active="true" core="true" description="" displayFunction="omf_get_pers_full" filterMeaning="PM PRSNL" parentEntityTable="PERSON" scriptNumber="950169.0" showAll="false" showInactive="false" value1="omf_get_prsnl_list" value2=" " value3=" " value4=" " value5=" "/></Element><Element active="true" aggregationCode="" columnExpression="eks_module.maint_filename" core="true" dataFormat=" " dataType="String" deprecated="false" description=" the file name used to contain the source text  of the eks module" elementType="DIMENSION" filterCodeset="0.0" filterQualification=" " filtered="false" groupBy="false" groupByColumn="true" groupByExpression=" " groupByQualification="false" name="EKS Module Maint Filename" nameKey="EKSMODULEMAINTFILENAME" ownerGroup="DISCERN" ownerGroupIndex="CKI.CODEVALUE!4100380044" qualificationDataType="Numeric" qualificationExpression="" sortMethod="SELECT" uuid="0b0471ba-a234-4c16-bb3c-9afd8b517dca" version="1.0"/><Element active="true" aggregationCode="" columnExpression="cclsql_utc_cnvt(EKS_MODULE.MAINT_DUR_BEGIN_DT_TM,:CURUTC,:CURTIMEZONEAPP)&#13;&#10;" core="false" dataFormat=" " dataType="DateTime" deprecated="false" description="The beginning of the time frame when the module should be active." elementType="DIMENSION" filterCodeset="0.0" filterQualification="EKS_MODULE.MAINT_DUR_BEGIN_DT_TM" filtered="true" groupBy="false" groupByColumn="true" groupByExpression=" " groupByQualification="false" name="EKS Module Maint Begin Dt/Tm" nameKey="EKSMODULEMAINTBEGINDTTM" ownerGroup="DISCERN" ownerGroupIndex="CKI.CODEVALUE!4100380044" qualificationDataType="DateTime" qualificationExpression="" sortMethod="SELECT" uuid="0e95c0a1-adc0-4dda-91da-8fc025f0589b" version="0.2"><ElementFilter active="true" core="true" description="" displayFunction=" " filterMeaning="DATE" parentEntityTable=" " scriptNumber="-1.0" showAll="false" showInactive="false" value1=" " value2=" " value3=" " value4=" " value5=" "/></Element><Element active="true" aggregationCode="" columnExpression="case when EKS_MA.end_dt_tm is null then null else 'Q' || to_char(cclsql_utc_cnvt(EKS_MA.end_dt_tm,:CURUTC,:CURTIMEZONEAPP),'Q') end&#13;&#10;" core="true" dataFormat=" " dataType="String" deprecated="false" description=" " elementType="DIMENSION" filterCodeset="0.0" filterQualification=" " filtered="false" groupBy="false" groupByColumn="true" groupByExpression=" " groupByQualification="false" name="EKS Audit End Quarter" nameKey="EKSAUDITENDQUARTER" ownerGroup="DISCERN" ownerGroupIndex="CKI.CODEVALUE!4100380044" qualificationDataType="DateTime" qualificationExpression="" sortMethod="SELECT" uuid="19194b6d-6112-4a92-950d-439f85744f07" version="1.0"/><Element active="true" aggregationCode="" columnExpression="eks_module.version" core="true" dataFormat=" " dataType="String" deprecated="false" description="version assigned to module to keep track of latest module saved since previous modules are retained." elementType="DIMENSION" filterCodeset="0.0" filterQualification=" " filtered="true" groupBy="false" groupByColumn="true" groupByExpression=" " groupByQualification="false" name="EKS Module Version" nameKey="EKSMODULEVERSION" ownerGroup="DISCERN" ownerGroupIndex="CKI.CODEVALUE!4100380044" qualificationDataType="String" qualificationExpression="" sortMethod="SELECT" uuid="197cfa18-27b1-4b81-9b12-56ec1978f59c" version="1.0"/><Element active="true" aggregationCode="" columnExpression="eks_module.maint_specialist" core="true" dataFormat=" " dataType="String" deprecated="false" description=" The person responsible for encoding the knowledge represented by this eks" elementType="DIMENSION" filterCodeset="0.0" filterQualification=" " filtered="false" groupBy="false" groupByColumn="true" groupByExpression=" " groupByQualification="false" name="EKS Module Maint Specialist" nameKey="EKSMODULEMAINTSPECIALIST" ownerGroup="DISCERN" ownerGroupIndex="CKI.CODEVALUE!4100380044" qualificationDataType="Numeric" qualificationExpression="" sortMethod="SELECT" uuid="1997f20b-5ae0-4d62-9a28-c628d17228e8" version="1.0"/><Element active="true" aggregationCode="" columnExpression="EKS_MA.rec_id" core="true" dataFormat=" " dataType="Numeric" deprecated="false" description="Unique identifier for the EKS Audit Record Table" elementType="DIMENSION" filterCodeset="0.0" filterQualification=" " filtered="true" groupBy="false" groupByColumn="true" groupByExpression=" " groupByQualification="false" name="EKS Audit Record  Id" nameKey="EKSAUDITRECORDID" ownerGroup="DISCERN" ownerGroupIndex="CKI.CODEVALUE!4100380044" qualificationDataType="Numeric" qualificationExpression="" sortMethod="SELECT" uuid="1eff106f-6074-4013-a7f9-9386b9cda36b" version="1.0"/><Element active="true" aggregationCode="" columnExpression="eks_module.active_flag" core="true" dataFormat=" " dataType="String" deprecated="false" description="I=Inactive, A=Active" elementType="DIMENSION" filterCodeset="0.0" filterQualification=" " filtered="true" groupBy="false" groupByColumn="true" groupByExpression=" " groupByQualification="false" name="EKS Module Active Flag" nameKey="EKSMODULEACTIVEFLAG" ownerGroup="DISCERN" ownerGroupIndex="CKI.CODEVALUE!4100380044" qualificationDataType="String" qualificationExpression="" sortMethod="SELECT" uuid="24a9a311-3033-42cb-a987-b809f7a184ed" version="1.0"/><Element active="true" aggregationCode="" columnExpression="cclsql_utc_cnvt(EKS_template.UPDT_DT_TM,:CURUTC,:CURTIMEZONEAPP)&#13;&#10;" core="true" dataFormat=" " dataType="DateTime" deprecated="false" description=" " elementType="DIMENSION" filterCodeset="0.0" filterQualification="EKS_Template.UPDT_DT_TM" filtered="true" groupBy="false" groupByColumn="true" groupByExpression=" " groupByQualification="false" name="EKS Template Updt Dt/Tm" nameKey="EKSTEMPLATEUPDTDTTM" ownerGroup="DISCERN" ownerGroupIndex="CKI.CODEVALUE!4100380044" qualificationDataType="DateTime" qualificationExpression="" sortMethod="SELECT" uuid="272668c3-6aa5-4892-b2fe-a1d0020d8b86" version="1.0"><ElementFilter active="true" core="true" description="" displayFunction=" " filterMeaning="DATE" parentEntityTable=" " scriptNumber="-1.0" showAll="false" showInactive="false" value1=" " value2=" " value3=" " value4=" " value5=" "/></Element><Element active="true" aggregationCode="" columnExpression="eks_ma.conclude" core="true" dataFormat=" " dataType="Numeric" deprecated="false" description=" odule's overall conclusion result. 0 - logic false, 1-logic true, 2-action(s) performed" elementType="DIMENSION" filterCodeset="0.0" filterQualification=" " filtered="true" groupBy="false" groupByColumn="true" groupByExpression=" " groupByQualification="false" name="EKS Audit Conclude" nameKey="EKSAUDITCONCLUDE" ownerGroup="DISCERN" ownerGroupIndex="CKI.CODEVALUE!4100380044" qualificationDataType="Numeric" qualificationExpression="" sortMethod="SELECT" uuid="2c2d736f-c4d2-40c9-b014-fed9370a9060" version="1.0"><ElementFilter active="true" core="true" description="" displayFunction="" filterMeaning="EKS_CONCLUDE" parentEntityTable="EKS_MODULE_AUDIT" scriptNumber="950169.0" showAll="false" showInactive="false" value1="omf_get_dyn_filter_list" value2="EKS_MODULE_AUDIT" value3="CONCLUDE" value4="REC_ID" value5=""/></Element><Element active="true" aggregationCode="" columnExpression="EKS_template.template_type" core="true" dataFormat=" " dataType="String" deprecated="false" description=" The type of the template.  Templates are defined to be usable in a specified section of the EXPERT module.  The type field denotes which portion of the module this template can be used in. Possible values are: 'L' - LOGIC, 'A'- A      " elementType="DIMENSION" filterCodeset="0.0" filterQualification=" " filtered="false" groupBy="false" groupByColumn="true" groupByExpression=" " groupByQualification="false" name="EKS Template Type" nameKey="EKSTEMPLATETYPE" ownerGroup="DISCERN" ownerGroupIndex="CKI.CODEVALUE!4100380044" qualificationDataType="Numeric" qualificationExpression="" sortMethod="SELECT" uuid="2c79b594-ceb9-435c-b643-dfb584279840" version="1.0"/><Element active="true" aggregationCode="" columnExpression="omf_get_prsnl_full(EKS_Module.updt_id)" core="true" dataFormat=" " dataType="String" deprecated="false" description=" The person_id of the person from the personnel table (prsnl) that caused the last insert or update of the row in the table" elementType="DIMENSION" filterCodeset="0.0" filterQualification="EKS_Module.updt_id" filtered="true" groupBy="false" groupByColumn="false" groupByExpression=" " groupByQualification="true" name="EKS Module Update Prsnl" nameKey="EKSMODULEUPDATEPRSNL" ownerGroup="DISCERN" ownerGroupIndex="CKI.CODEVALUE!4100380044" qualificationDataType="Numeric" qualificationExpression="" sortMethod="SELECT" uuid="2e11b232-f0f1-44d2-8c24-e8f9387c19c9" version="1.0"><ElementFilter active="true" core="true" description="" displayFunction="omf_get_pers_full" filterMeaning="PM PRSNL" parentEntityTable="PERSON" scriptNumber="950169.0" showAll="false" showInactive="false" value1="omf_get_prsnl_list" value2=" " value3=" " value4=" " value5=" "/></Element><Element active="true" aggregationCode="" columnExpression="to_char(cclsql_utc_cnvt(EKS_MA.begin_dt_tm,:CURUTC,:CURTIMEZONEAPP),'Dy')&#13;&#10;" core="true" dataFormat=" " dataType="String" deprecated="false" description=" " elementType="DIMENSION" filterCodeset="0.0" filterQualification=" " filtered="false" groupBy="false" groupByColumn="true" groupByExpression=" " groupByQualification="false" name="EKS Audit Begin Dow" nameKey="EKSAUDITBEGINDOW" ownerGroup="DISCERN" ownerGroupIndex="CKI.CODEVALUE!4100380044" qualificationDataType="DateTime" qualificationExpression="" sortMethod="SELECT" uuid="324d3ad0-b744-4799-bf7a-740394ffdcf4" version="1.0"/><Element active="true" aggregationCode="" columnExpression="to_char(cclsql_utc_cnvt(EKS_MA.end_dt_tm,:CURUTC,:CURTIMEZONEAPP),'mm/dd/yyyy')" core="true" dataFormat=" " dataType="String" deprecated="false" description=" " elementType="DIMENSION" filterCodeset="0.0" filterQualification=" " filtered="false" groupBy="false" groupByColumn="true" groupByExpression=" " groupByQualification="false" name="EKS Audit End Date" nameKey="EKSAUDITENDDATE" ownerGroup="DISCERN" ownerGroupIndex="CKI.CODEVALUE!4100380044" qualificationDataType="Date" qualificationExpression="" sortMethod="SELECT" uuid="34880dca-e8bc-4992-9ecf-ec9c1f07686e" version="1.0"><ElementFilter active="true" core="true" description="" displayFunction=" " filterMeaning="DATEONLY" parentEntityTable=" " scriptNumber="-1.0" showAll="false" showInactive="false" value1=" " value2=" " value3=" " value4=" " value5=" "/></Element><Element active="true" aggregationCode="" columnExpression="eks_ma.action_return" core="true" dataFormat=" " dataType="String" deprecated="false" description=" Action return values as an array of 3 digit numbers." elementType="DIMENSION" filterCodeset="0.0" filterQualification=" " filtered="false" groupBy="false" groupByColumn="true" groupByExpression=" " groupByQualification="false" name="EKS Audit Action Return" nameKey="EKSAUDITACTIONRETURN" ownerGroup="DISCERN" ownerGroupIndex="CKI.CODEVALUE!4100380044" qualificationDataType="Numeric" qualificationExpression="" sortMethod="SELECT" uuid="35df8552-58a9-4d3b-9814-3ef2f55b67ff" version="1.0"/><Element active="true" aggregationCode="" columnExpression="count(distinct eks_mad.template_name)" core="true" dataFormat=" " dataType="Numeric" deprecated="false" description=" " elementType="FACT" filterCodeset="0.0" filterQualification=" " filtered="false" groupBy="false" groupByColumn="false" groupByExpression=" " groupByQualification="false" name="# EKS Audit Templates" nameKey="EKSAUDITTEMPLATES" ownerGroup="DISCERN" ownerGroupIndex="CKI.CODEVALUE!4100380044" qualificationDataType="Numeric" qualificationExpression="" sortMethod="SELECT" uuid="3b2a9bbd-844c-4c5c-8882-63460e61e0fa" version="1.0"/><Element active="true" aggregationCode="" columnExpression="eks_module.maint_author" core="true" dataFormat=" " dataType="String" deprecated="false" description=" The author of the module.     " elementType="DIMENSION" filterCodeset="0.0" filterQualification=" " filtered="false" groupBy="false" groupByColumn="true" groupByExpression=" " groupByQualification="false" name="EKS Module Maint Author" nameKey="EKSMODULEMAINTAUTHOR" ownerGroup="DISCERN" ownerGroupIndex="CKI.CODEVALUE!4100380044" qualificationDataType="Numeric" qualificationExpression="" sortMethod="SELECT" uuid="3fc4e02a-17f7-45e0-8e51-a7bf1c734f91" version="1.0"/><Element active="true" aggregationCode="" columnExpression="eks_ma.server_class" core="true" dataFormat=" " dataType="String" deprecated="false" description="the class of the server that ran the module" elementType="DIMENSION" filterCodeset="0.0" filterQualification=" " filtered="false" groupBy="false" groupByColumn="true" groupByExpression=" " groupByQualification="false" name="EKS Audit Server Class" nameKey="EKSAUDITSERVERCLASS" ownerGroup="DISCERN" ownerGroupIndex="CKI.CODEVALUE!4100380044" qualificationDataType="Numeric" qualificationExpression="" sortMethod="SELECT" uuid="4506cf4f-e13b-4d71-afa3-7b0c4f0a1dde" version="1.0"/><Element active="true" aggregationCode="" columnExpression="EKS_MAD.ACCESSION_ID" core="true" dataFormat=" " dataType="Numeric" deprecated="false" description="  Accession id associated with the template at runtime" elementType="DIMENSION" filterCodeset="0.0" filterQualification=" " filtered="true" groupBy="false" groupByColumn="true" groupByExpression=" " groupByQualification="false" name="EKS Audit Det Accession Id" nameKey="EKSAUDITDETACCESSIONID" ownerGroup="DISCERN" ownerGroupIndex="CKI.CODEVALUE!4100380044" qualificationDataType="Numeric" qualificationExpression="" sortMethod="SELECT" uuid="45fa376d-b2d5-4cea-a85c-5bfe6149f366" version="1.0"/><Element active="true" aggregationCode="" columnExpression="EKS_MAD.person_id" core="true" dataFormat=" " dataType="Numeric" deprecated="false" description=" " elementType="DIMENSION" filterCodeset="0.0" filterQualification=" " filtered="true" groupBy="false" groupByColumn="true" groupByExpression=" " groupByQualification="false" name="EKS Audit Det Person Id" nameKey="EKSAUDITDETPERSONID" ownerGroup="DISCERN" ownerGroupIndex="CKI.CODEVALUE!4100380044" qualificationDataType="Numeric" qualificationExpression="" sortMethod="SELECT" uuid="47d799d5-abbb-429b-a7bc-e87bc41bee90" version="1.0"/><Element active="true" aggregationCode="" columnExpression="omf_get_prsnl_pos(EKS_MA.personnel_id)" core="true" dataFormat=" " dataType="String" deprecated="false" description="Personnel Position of the person that initiated module firing by performing system request" elementType="DIMENSION" filterCodeset="0.0" filterQualification=" " filtered="false" groupBy="false" groupByColumn="true" groupByExpression=" " groupByQualification="false" name="EKS Audit Prsnl Initiated Posn" nameKey="EKSAUDITPRSNLINITIATEDPOSN" ownerGroup="DISCERN" ownerGroupIndex="CKI.CODEVALUE!4100380044" qualificationDataType="Numeric" qualificationExpression="" sortMethod="SELECT" uuid="49f2a2d6-ef55-4e93-b1d5-05a24fc4e87a" version="1.0"/><Element active="true" aggregationCode="" columnExpression="to_char(cclsql_utc_cnvt(EKS_MA.end_dt_tm,:CURUTC,:CURTIMEZONEAPP),'MM')&#13;&#10;" core="true" dataFormat=" " dataType="String" deprecated="false" description=" " elementType="DIMENSION" filterCodeset="0.0" filterQualification=" " filtered="false" groupBy="false" groupByColumn="true" groupByExpression=" " groupByQualification="false" name="EKS Audit End Month" nameKey="EKSAUDITENDMONTH" ownerGroup="DISCERN" ownerGroupIndex="CKI.CODEVALUE!4100380044" qualificationDataType="DateTime" qualificationExpression="" sortMethod="SELECT" uuid="50cb373a-57e0-407d-acd4-1c59cdf53aba" version="1.0"/><Element active="true" aggregationCode="" columnExpression="eks_ma.logic_count" core="true" dataFormat=" " dataType="Numeric" deprecated="false" description=" Count of templates returning a value in the logic section." elementType="DIMENSION" filterCodeset="0.0" filterQualification=" " filtered="false" groupBy="false" groupByColumn="true" groupByExpression=" " groupByQualification="false" name="EKS Audit Logic Count" nameKey="EKSAUDITLOGICCOUNT" ownerGroup="DISCERN" ownerGroupIndex="CKI.CODEVALUE!4100380044" qualificationDataType="Numeric" qualificationExpression="" sortMethod="SELECT" uuid="52c24cdf-e2eb-4f12-8fac-6a62aa5b9d9d" version="1.0"/><Element active="true" aggregationCode="" columnExpression="to_char(cclsql_utc_cnvt(EKS_MA.updt_dt_tm,:CURUTC,:CURTIMEZONEAPP),'Dy')&#13;&#10;" core="true" dataFormat=" " dataType="String" deprecated="false" description=" " elementType="DIMENSION" filterCodeset="0.0" filterQualification=" " filtered="false" groupBy="false" groupByColumn="true" groupByExpression=" " groupByQualification="false" name="EKS Audit Update Dow" nameKey="EKSAUDITUPDATEDOW" ownerGroup="DISCERN" ownerGroupIndex="CKI.CODEVALUE!4100380044" qualificationDataType="DateTime" qualificationExpression="" sortMethod="SELECT" uuid="5682d846-0c28-4fbf-9aad-f62f281c50dc" version="1.0"/><Element active="true" aggregationCode="" columnExpression="count(distinct eks_module.module_name)" core="false" dataFormat=" " dataType="Numeric" deprecated="false" description=" " elementType="FACT" filterCodeset="0.0" filterQualification=" " filtered="false" groupBy="false" groupByColumn="false" groupByExpression=" " groupByQualification="false" name="# EKS Modules" nameKey="EKSMODULES" ownerGroup="DISCERN" ownerGroupIndex="CKI.CODEVALUE!4100380044" qualificationDataType="Numeric" qualificationExpression="" sortMethod="SELECT" uuid="594c7ce7-5a51-493e-9144-a03367ac0682" version="0.1"/><Element active="true" aggregationCode="" columnExpression="eks_module.KNOW_URGENCY" core="true" dataFormat=" " dataType="Numeric" deprecated="false" description=" The priority of the action section of the module." elementType="DIMENSION" filterCodeset="0.0" filterQualification=" " filtered="false" groupBy="false" groupByColumn="true" groupByExpression=" " groupByQualification="false" name="EKS Module Know Urgency" nameKey="EKSMODULEKNOWURGENCY" ownerGroup="DISCERN" ownerGroupIndex="CKI.CODEVALUE!4100380044" qualificationDataType="Numeric" qualificationExpression="" sortMethod="SELECT" uuid="59f4aa7d-808d-431b-8ce5-92a3dcea08ea" version="1.0"/><Element active="true" aggregationCode="" columnExpression="cclsql_utc_cnvt(EKS_MODULE.UPDT_DT_TM,:CURUTC,:CURTIMEZONEAPP)&#13;&#10;" core="true" dataFormat=" " dataType="DateTime" deprecated="false" description="Date and Time module was last updated" elementType="DIMENSION" filterCodeset="0.0" filterQualification="EKS_MODULE.UPDT_DT_TM" filtered="true" groupBy="false" groupByColumn="true" groupByExpression=" " groupByQualification="false" name="EKS Module Updt Dt/Tm" nameKey="EKSMODULEUPDTDTTM" ownerGroup="DISCERN" ownerGroupIndex="CKI.CODEVALUE!4100380044" qualificationDataType="DateTime" qualificationExpression="" sortMethod="SELECT" uuid="5a1146bb-b9f0-41f8-9b1c-0c0fa17bf746" version="1.0"><ElementFilter active="true" core="true" description="" displayFunction=" " filterMeaning="DATE" parentEntityTable=" " scriptNumber="-1.0" showAll="false" showInactive="false" value1=" " value2=" " value3=" " value4=" " value5=" "/></Element><Element active="true" aggregationCode="" columnExpression="case EKS_template.recommend_flag&#13;&#10;when 0 then 'Recommend'&#13;&#10;when 1 then 'Use with Caution'&#13;&#10;when 2 then 'Not' end" core="true" dataFormat=" " dataType="String" deprecated="false" description="0 = Recommend&#13;&#10;1 = Use with Caution&#13;&#10;2 = Not" elementType="DIMENSION" filterCodeset="0.0" filterQualification="EKS_template.recommend_flag" filtered="true" groupBy="false" groupByColumn="true" groupByExpression=" " groupByQualification="false" name="EKS Template Recommend Flag" nameKey="EKSTEMPLATERECOMMENDFLAG" ownerGroup="DISCERN" ownerGroupIndex="CKI.CODEVALUE!4100380044" qualificationDataType="Numeric" qualificationExpression="" sortMethod="SELECT" uuid="639a1560-dd78-4fc2-a16f-00093233f713" version="1.0"/><Element active="true" aggregationCode="" columnExpression="case EKS_MAD.template_type&#13;&#10;when 'E' Then 'Evoke'&#13;&#10;when 'L' then 'Logic'&#13;&#10;when 'A' then 'Action'&#13;&#10;else eks_mad.template_type end" core="true" dataFormat=" " dataType="String" deprecated="false" description=" Template type E)voke, L)ogic, A)ction. " elementType="DIMENSION" filterCodeset="0.0" filterQualification="EKS_MAD.template_type" filtered="true" groupBy="false" groupByColumn="true" groupByExpression=" " groupByQualification="false" name="EKS Audit Det Template Type" nameKey="EKSAUDITDETTEMPLATETYPE" ownerGroup="DISCERN" ownerGroupIndex="CKI.CODEVALUE!4100380044" qualificationDataType="String" qualificationExpression="" sortMethod="SELECT" uuid="66977f00-2fea-4a14-b7f7-6e801d4de808" version="1.0"/><Element active="true" aggregationCode="" columnExpression="EKS_MAD.logging&#13;&#10;" core="true" dataFormat=" " dataType="String" deprecated="false" description=" " elementType="DIMENSION" filterCodeset="0.0" filterQualification=" " filtered="false" groupBy="false" groupByColumn="true" groupByExpression=" " groupByQualification="false" name="EKS Audit Det Logging" nameKey="EKSAUDITDETLOGGING" ownerGroup="DISCERN" ownerGroupIndex="CKI.CODEVALUE!4100380044" qualificationDataType="Numeric" qualificationExpression="" sortMethod="SELECT" uuid="66fa4a48-4a05-408a-a489-0a5ab030d62a" version="1.0"/><Element active="true" aggregationCode="" columnExpression="EKS_MAD.template_number" core="true" dataFormat=" " dataType="Numeric" deprecated="false" description=" ordinal number of the template within the module that fired" elementType="DIMENSION" filterCodeset="0.0" filterQualification=" " filtered="true" groupBy="false" groupByColumn="true" groupByExpression=" " groupByQualification="false" name="EKS Audit Det Template Nbr" nameKey="EKSAUDITDETTEMPLATENBR" ownerGroup="DISCERN" ownerGroupIndex="CKI.CODEVALUE!4100380044" qualificationDataType="Numeric" qualificationExpression="" sortMethod="SELECT" uuid="6e537749-769b-4ca7-96ac-5362be5c5b49" version="1.0"/><Element active="true" aggregationCode="" columnExpression="EKS_MAD.encntr_id" core="true" dataFormat=" " dataType="Numeric" deprecated="false" description=" " elementType="DIMENSION" filterCodeset="0.0" filterQualification=" " filtered="true" groupBy="false" groupByColumn="true" groupByExpression=" " groupByQualification="false" name="EKS Audit Det Encounter Id" nameKey="EKSAUDITDETENCOUNTERID" ownerGroup="DISCERN" ownerGroupIndex="CKI.CODEVALUE!4100380044" qualificationDataType="Numeric" qualificationExpression="" sortMethod="SELECT" uuid="70032aef-5f67-4ed0-ba12-828116960c1d" version="1.0"/><Element active="true" aggregationCode="" columnExpression="cclsql_utc_cnvt(EKS_MA.updt_dt_tm,:CURUTC,:CURTIMEZONEAPP)&#13;&#10;" core="true" dataFormat=" " dataType="DateTime" deprecated="false" description="the date and time the row was last inserted or updated" elementType="DIMENSION" filterCodeset="0.0" filterQualification="EKS_MA.updt_dt_tm" filtered="true" groupBy="false" groupByColumn="true" groupByExpression=" " groupByQualification="false" name="EKS Audit Update Dt/Tm" nameKey="EKSAUDITUPDATEDTTM" ownerGroup="DISCERN" ownerGroupIndex="CKI.CODEVALUE!4100380044" qualificationDataType="DateTime" qualificationExpression="" sortMethod="SELECT" uuid="73037e13-a315-4c06-a068-5439862e8f58" version="1.0"><ElementFilter active="true" core="true" description="" displayFunction=" " filterMeaning="DATE" parentEntityTable=" " scriptNumber="-1.0" showAll="false" showInactive="false" value1=" " value2=" " value3=" " value4=" " value5=" "/></Element><Element active="true" aggregationCode="" columnExpression="omf_get_prsnl_full(EKS_template.updt_id)" core="true" dataFormat=" " dataType="String" deprecated="false" description=" " elementType="DIMENSION" filterCodeset="0.0" filterQualification="EKS_template.updt_id" filtered="true" groupBy="false" groupByColumn="false" groupByExpression=" " groupByQualification="true" name="EKS Template Update Prsnl" nameKey="EKSTEMPLATEUPDATEPRSNL" ownerGroup="DISCERN" ownerGroupIndex="CKI.CODEVALUE!4100380044" qualificationDataType="Numeric" qualificationExpression="" sortMethod="SELECT" uuid="74de740c-4c3c-46b4-8883-4ef4b5c16aa1" version="1.0"><ElementFilter active="true" core="true" description="" displayFunction="omf_get_pers_full" filterMeaning="PM PRSNL" parentEntityTable="PERSON" scriptNumber="950169.0" showAll="false" showInactive="false" value1="omf_get_prsnl_list" value2=" " value3=" " value4=" " value5=" "/></Element><Element active="true" aggregationCode="" columnExpression="to_char(cclsql_utc_cnvt(EKS_MA.end_dt_tm,:CURUTC,:CURTIMEZONEAPP),'YYYY')&#13;&#10;" core="true" dataFormat=" " dataType="String" deprecated="false" description=" " elementType="DIMENSION" filterCodeset="0.0" filterQualification=" " filtered="false" groupBy="false" groupByColumn="true" groupByExpression=" " groupByQualification="false" name="EKS Audit End Year" nameKey="EKSAUDITENDYEAR" ownerGroup="DISCERN" ownerGroupIndex="CKI.CODEVALUE!4100380044" qualificationDataType="DateTime" qualificationExpression="" sortMethod="SELECT" uuid="7f6f970c-93d3-40a9-b8c8-df0f201cec4a" version="1.0"/><Element active="true" aggregationCode="" columnExpression="EKS_MA.personnel_id" core="true" dataFormat=" " dataType="Numeric" deprecated="false" description=" Personnel ID of the person that initiated module firing by performing system request " elementType="DIMENSION" filterCodeset="0.0" filterQualification=" " filtered="true" groupBy="false" groupByColumn="true" groupByExpression=" " groupByQualification="false" name="EKS Audit Prsnl Id" nameKey="EKSAUDITPRSNLID" ownerGroup="DISCERN" ownerGroupIndex="CKI.CODEVALUE!4100380044" qualificationDataType="Numeric" qualificationExpression="" sortMethod="SELECT" uuid="8026a137-0b16-4715-b3bb-f00919f432ac" version="1.0"/><Element active="true" aggregationCode="" columnExpression="eks_module.KNOW_TYPE" core="true" dataFormat=" " dataType="String" deprecated="false" description=" The type of the module. DATA_DRIVEN, GOAL_DRIVEN, TIME_DRIVEN " elementType="DIMENSION" filterCodeset="0.0" filterQualification=" " filtered="false" groupBy="false" groupByColumn="true" groupByExpression=" " groupByQualification="false" name="EKS Module Know Type" nameKey="EKSMODULEKNOWTYPE" ownerGroup="DISCERN" ownerGroupIndex="CKI.CODEVALUE!4100380044" qualificationDataType="Numeric" qualificationExpression="" sortMethod="SELECT" uuid="8712ec21-0015-4e20-9524-54a7619712dc" version="1.0"/><Element active="true" aggregationCode="" columnExpression="eks_module.KNOW_priority" core="true" dataFormat=" " dataType="Numeric" deprecated="false" description=" The module's priority when executing in the expert server" elementType="DIMENSION" filterCodeset="0.0" filterQualification=" " filtered="false" groupBy="false" groupByColumn="true" groupByExpression=" " groupByQualification="false" name="EKS Module Know Priority" nameKey="EKSMODULEKNOWPRIORITY" ownerGroup="DISCERN" ownerGroupIndex="CKI.CODEVALUE!4100380044" qualificationDataType="Numeric" qualificationExpression="" sortMethod="SELECT" uuid="872a9110-94f6-4548-81c2-a5f33d23f415" version="1.0"/><Element active="true" aggregationCode="" columnExpression="to_char(cclsql_utc_cnvt(EKS_MA.end_dt_tm,:CURUTC,:CURTIMEZONEAPP),'Dy')&#13;&#10;" core="true" dataFormat=" " dataType="String" deprecated="false" description=" " elementType="DIMENSION" filterCodeset="0.0" filterQualification=" " filtered="false" groupBy="false" groupByColumn="true" groupByExpression=" " groupByQualification="false" name="EKS Audit End Dow" nameKey="EKSAUDITENDDOW" ownerGroup="DISCERN" ownerGroupIndex="CKI.CODEVALUE!4100380044" qualificationDataType="DateTime" qualificationExpression="" sortMethod="SELECT" uuid="87af7442-c10b-48fc-b72a-cb5c5c57e443" version="1.0"/><Element active="true" aggregationCode="" columnExpression="omf_get_prsnl_pos(EKS_MA.updt_id)" core="true" dataFormat=" " dataType="String" deprecated="false" description=" Position of the person from the personnel table (prsnl) that caused the last insert  or update of the row in the table.                 " elementType="DIMENSION" filterCodeset="0.0" filterQualification=" " filtered="false" groupBy="false" groupByColumn="true" groupByExpression=" " groupByQualification="false" name="EKS Audit Updated Prsnl Posn" nameKey="EKSAUDITUPDATEDPRSNLPOSN" ownerGroup="DISCERN" ownerGroupIndex="CKI.CODEVALUE!4100380044" qualificationDataType="Numeric" qualificationExpression="" sortMethod="SELECT" uuid="8e628408-a3c5-43c1-9dcc-1c97e5150788" version="1.0"/><Element active="true" aggregationCode="" columnExpression="cclsql_utc_cnvt(EKS_MA.begin_dt_tm,:CURUTC,:CURTIMEZONEAPP)&#13;&#10;" core="true" dataFormat=" " dataType="DateTime" deprecated="false" description=" The date/time the module began." elementType="DIMENSION" filterCodeset="0.0" filterQualification="EKS_MA.begin_dt_tm" filtered="true" groupBy="false" groupByColumn="true" groupByExpression=" " groupByQualification="false" name="EKS Audit Begin DT/TM" nameKey="EKSAUDITBEGINDTTM" ownerGroup="DISCERN" ownerGroupIndex="CKI.CODEVALUE!4100380044" qualificationDataType="DateTime" qualificationExpression="" sortMethod="SELECT" uuid="8fdfdf1c-9174-4152-9b10-bb106e62cb6a" version="1.0"><ElementFilter active="true" core="true" description="" displayFunction=" " filterMeaning="DATE" parentEntityTable=" " scriptNumber="-1.0" showAll="false" showInactive="false" value1=" " value2=" " value3=" " value4=" " value5=" "/></Element><Element active="true" aggregationCode="" columnExpression="eks_module.maint_title" core="true" dataFormat=" " dataType="String" deprecated="false" description=" The title of the module as free text" elementType="DIMENSION" filterCodeset="0.0" filterQualification=" " filtered="false" groupBy="false" groupByColumn="true" groupByExpression=" " groupByQualification="false" name="EKS Module Title" nameKey="EKSMODULETITLE" ownerGroup="DISCERN" ownerGroupIndex="CKI.CODEVALUE!4100380044" qualificationDataType="Numeric" qualificationExpression="" sortMethod="SELECT" uuid="963db850-3e1e-4b33-bf8f-2f2675f19a1b" version="1.0"/><Element active="true" aggregationCode="" columnExpression="eks_module.num_storage" core="true" dataFormat=" " dataType="Numeric" deprecated="false" description="T he number of eks_module storage records required to store the module definition" elementType="DIMENSION" filterCodeset="0.0" filterQualification=" " filtered="false" groupBy="false" groupByColumn="true" groupByExpression=" " groupByQualification="false" name="EKS Module Num Storage" nameKey="EKSMODULENUMSTORAGE" ownerGroup="DISCERN" ownerGroupIndex="CKI.CODEVALUE!4100380044" qualificationDataType="String" qualificationExpression="" sortMethod="SELECT" uuid="9b1ce580-f1c2-401f-9790-f1842ff9c28a" version="1.0"/><Element active="true" aggregationCode="" columnExpression="EKS_MODULE.module_name" core="true" dataFormat=" " dataType="String" deprecated="false" description=" Name of the Module" elementType="DIMENSION" filterCodeset="0.0" filterQualification=" " filtered="true" groupBy="false" groupByColumn="true" groupByExpression=" " groupByQualification="false" name="EKS Module Name" nameKey="EKSMODULENAME" ownerGroup="DISCERN" ownerGroupIndex="CKI.CODEVALUE!4100380044" qualificationDataType="String" qualificationExpression="" sortMethod="SELECT" uuid="a41bb255-57a8-460e-9078-0818a846f2e6" version="1.0"><ElementFilter active="true" core="true" description="" displayFunction="" filterMeaning="EKS_MODULE" parentEntityTable="EKS_MODULE" scriptNumber="950169.0" showAll="false" showInactive="false" value1="omf_get_dyn_filter_list" value2="EKS_MODULE" value3="MODULE_NAME" value4="MODULE_NAME" value5="maint_dur_begin_dt_tm &lt;= sysdate and maint_dur_end_dt_tm &gt;= sysdate"/></Element><Element active="true" aggregationCode="" columnExpression="eks_ma.action_count" core="true" dataFormat=" " dataType="Numeric" deprecated="false" description=" Count of action template results  " elementType="DIMENSION" filterCodeset="0.0" filterQualification=" " filtered="false" groupBy="false" groupByColumn="true" groupByExpression=" " groupByQualification="false" name="EKS Audit Action Count" nameKey="EKSAUDITACTIONCOUNT" ownerGroup="DISCERN" ownerGroupIndex="CKI.CODEVALUE!4100380044" qualificationDataType="Numeric" qualificationExpression="" sortMethod="SELECT" uuid="a4206857-3e93-4f41-baf5-bff781bccd90" version="1.0"/><Element active="true" aggregationCode="" columnExpression="EKS_MA.module_name" core="true" dataFormat=" " dataType="String" deprecated="false" description=" Name of the module that ran in the server" elementType="DIMENSION" filterCodeset="0.0" filterQualification=" " filtered="true" groupBy="false" groupByColumn="true" groupByExpression=" " groupByQualification="false" name="EKS Audit Module Name" nameKey="EKSAUDITMODULENAME" ownerGroup="DISCERN" ownerGroupIndex="CKI.CODEVALUE!4100380044" qualificationDataType="String" qualificationExpression="" sortMethod="SELECT" uuid="a936f295-5000-4cdd-82e2-04906f2d1424" version="1.0"><ElementFilter active="true" core="true" description="" displayFunction="" filterMeaning="EKS_MODULE" parentEntityTable="EKS_MODULE" scriptNumber="950169.0" showAll="false" showInactive="false" value1="omf_get_dyn_filter_list" value2="EKS_MODULE" value3="MODULE_NAME" value4="MODULE_NAME" value5="maint_dur_begin_dt_tm &lt;= sysdate and maint_dur_end_dt_tm &gt;= sysdate"/></Element><Element active="true" aggregationCode="" columnExpression="to_char(cclsql_utc_cnvt(EKS_MA.updt_dt_tm,:CURUTC,:CURTIMEZONEAPP),'MM')&#13;&#10;" core="true" dataFormat=" " dataType="String" deprecated="false" description=" " elementType="DIMENSION" filterCodeset="0.0" filterQualification=" " filtered="false" groupBy="false" groupByColumn="true" groupByExpression=" " groupByQualification="false" name="EKS Audit Update Month" nameKey="EKSAUDITUPDATEMONTH" ownerGroup="DISCERN" ownerGroupIndex="CKI.CODEVALUE!4100380044" qualificationDataType="DateTime" qualificationExpression="" sortMethod="SELECT" uuid="ad7e0f4e-6d4d-4ee1-8502-3a2571fb4440" version="1.0"/><Element active="true" aggregationCode="" columnExpression="EKS_MAD.template_return" core="true" dataFormat=" " dataType="Numeric" deprecated="false" description=" return value from the template ( 0 - 100 ) " elementType="DIMENSION" filterCodeset="0.0" filterQualification=" " filtered="false" groupBy="false" groupByColumn="true" groupByExpression=" " groupByQualification="false" name="EKS Audit Det Template Return" nameKey="EKSAUDITDETTEMPLATERETURN" ownerGroup="DISCERN" ownerGroupIndex="CKI.CODEVALUE!4100380044" qualificationDataType="Numeric" qualificationExpression="" sortMethod="SELECT" uuid="ae317431-e348-418c-82b4-c61ce99d4ce4" version="1.0"/><Element active="true" aggregationCode="" columnExpression="count(distinct eks_ma.rec_id)" core="true" dataFormat=" " dataType="Numeric" deprecated="false" description=" " elementType="FACT" filterCodeset="0.0" filterQualification=" " filtered="false" groupBy="false" groupByColumn="false" groupByExpression=" " groupByQualification="false" name="# EKS Audits" nameKey="EKSAUDITS" ownerGroup="DISCERN" ownerGroupIndex="CKI.CODEVALUE!4100380044" qualificationDataType="Numeric" qualificationExpression="" sortMethod="SELECT" uuid="ae5731a3-9d48-4c62-904d-5a4600ec48e2" version="1.0"/><Element active="true" aggregationCode="" columnExpression="cclsql_utc_cnvt(EKS_MODULE.MAINT_DUR_END_DT_TM,:CURUTC,:CURTIMEZONEAPP)&#13;&#10;" core="false" dataFormat=" " dataType="DateTime" deprecated="false" description="The end of the time frame when the module should be active." elementType="DIMENSION" filterCodeset="0.0" filterQualification="EKS_MODULE.MAINT_DUR_END_DT_TM" filtered="true" groupBy="false" groupByColumn="true" groupByExpression=" " groupByQualification="false" name="EKS Module Maint End Dt/Tm" nameKey="EKSMODULEMAINTENDDTTM" ownerGroup="DISCERN" ownerGroupIndex="CKI.CODEVALUE!4100380044" qualificationDataType="DateTime" qualificationExpression="" sortMethod="SELECT" uuid="b159fe4b-1b4a-42d9-be9e-08cdea6f5151" version="0.2"><ElementFilter active="true" core="true" description="" displayFunction=" " filterMeaning="DATE" parentEntityTable=" " scriptNumber="-1.0" showAll="false" showInactive="false" value1=" " value2=" " value3=" " value4=" " value5=" "/></Element><Element active="true" aggregationCode="" columnExpression="case when EKS_MA.updt_dt_tm is null then null else 'Q' || to_char(cclsql_utc_cnvt(EKS_MA.updt_dt_tm,:CURUTC,:CURTIMEZONEAPP),'Q') end&#13;&#10;&#13;&#10;" core="true" dataFormat=" " dataType="String" deprecated="false" description=" " elementType="DIMENSION" filterCodeset="0.0" filterQualification=" " filtered="false" groupBy="false" groupByColumn="true" groupByExpression=" " groupByQualification="false" name="EKS Audit Update Quarter" nameKey="EKSAUDITUPDATEQUARTER" ownerGroup="DISCERN" ownerGroupIndex="CKI.CODEVALUE!4100380044" qualificationDataType="DateTime" qualificationExpression="" sortMethod="SELECT" uuid="b641a458-a4ef-461e-95e6-6ca0047c524d" version="1.0"/><Element active="true" aggregationCode="" columnExpression="eks_template.version" core="true" dataFormat=" " dataType="String" deprecated="false" description=" " elementType="DIMENSION" filterCodeset="0.0" filterQualification=" " filtered="true" groupBy="false" groupByColumn="true" groupByExpression=" " groupByQualification="false" name="EKS Template Version" nameKey="EKSTEMPLATEVERSION" ownerGroup="DISCERN" ownerGroupIndex="CKI.CODEVALUE!4100380044" qualificationDataType="String" qualificationExpression="" sortMethod="SELECT" uuid="b7fca415-563b-44a4-bc2b-87d666847d86" version="1.0"/><Element active="true" aggregationCode="" columnExpression="eks_module.maint_institution" core="true" dataFormat=" " dataType="String" deprecated="false" description=" The institution using the expert module" elementType="DIMENSION" filterCodeset="0.0" filterQualification=" " filtered="false" groupBy="false" groupByColumn="true" groupByExpression=" " groupByQualification="false" name="EKS Module Maint Institution" nameKey="EKSMODULEMAINTINSTITUTION" ownerGroup="DISCERN" ownerGroupIndex="CKI.CODEVALUE!4100380044" qualificationDataType="Numeric" qualificationExpression="" sortMethod="SELECT" uuid="bf22b5a5-5598-495f-8e4e-1cd8e1f19f57" version="1.0"/><Element active="true" aggregationCode="" columnExpression="cclsql_utc_cnvt(EKS_MA.end_dt_tm,:CURUTC,:CURTIMEZONEAPP)&#13;&#10;" core="true" dataFormat=" " dataType="DateTime" deprecated="false" description=" The date/time the module ended.  " elementType="DIMENSION" filterCodeset="0.0" filterQualification="EKS_MA.end_dt_tm" filtered="true" groupBy="false" groupByColumn="true" groupByExpression=" " groupByQualification="false" name="EKS Audit End DT/TM" nameKey="EKSAUDITENDDTTM" ownerGroup="DISCERN" ownerGroupIndex="CKI.CODEVALUE!4100380044" qualificationDataType="DateTime" qualificationExpression="" sortMethod="SELECT" uuid="c1f231d8-d4e5-49f3-9548-42c06117a7e7" version="1.0"><ElementFilter active="true" core="true" description="" displayFunction=" " filterMeaning="DATE" parentEntityTable=" " scriptNumber="-1.0" showAll="false" showInactive="false" value1=" " value2=" " value3=" " value4=" " value5=" "/></Element><Element active="true" aggregationCode="" columnExpression="da_get_reconcile_flag_desc(eks_module.reconcile_flag)" core="true" dataFormat=" " dataType="String" deprecated="false" description="0 = Reconciliation not attempted on current module version&#13;&#10;1 = Module was fully reconcilable with no exceptions found&#13;&#10;2 = Reconciliation exceptions were found&#13;&#10;3 = Module was only partially reconcilable, but no exceptions were found" elementType="DIMENSION" filterCodeset="0.0" filterQualification="eks_module.reconcile_flag" filtered="true" groupBy="false" groupByColumn="true" groupByExpression="" groupByQualification="false" name="EKS Module Reconcile Flag" nameKey="EKSMODULERECONCILEFLAG" ownerGroup="DISCERN" ownerGroupIndex="CKI.CODEVALUE!4100380044" qualificationDataType="Numeric" qualificationExpression="" sortMethod="SELECT" uuid="c35bc80a-cfac-4309-8ece-539c7f2cae07" version="1.0"/><Element active="true" aggregationCode="" columnExpression="EKS_template.keyword" core="true" dataFormat=" " dataType="String" deprecated="false" description=" is used for display purposes on the frontend and will be put in a sortable column of a   list box." elementType="DIMENSION" filterCodeset="0.0" filterQualification=" " filtered="false" groupBy="false" groupByColumn="true" groupByExpression=" " groupByQualification="false" name="EKS Template Keyword" nameKey="EKSTEMPLATEKEYWORD" ownerGroup="DISCERN" ownerGroupIndex="CKI.CODEVALUE!4100380044" qualificationDataType="Numeric" qualificationExpression="" sortMethod="SELECT" uuid="c5be3206-5957-436a-aeb7-cc36764c80be" version="1.0"/><Element active="true" aggregationCode="" columnExpression="to_char(cclsql_utc_cnvt(EKS_MA.updt_dt_tm,:CURUTC,:CURTIMEZONEAPP),'MM/DD/YYYY')&#13;&#10;" core="true" dataFormat=" " dataType="String" deprecated="false" description=" " elementType="DIMENSION" filterCodeset="0.0" filterQualification=" " filtered="false" groupBy="false" groupByColumn="true" groupByExpression=" " groupByQualification="false" name="EKS Audit Update Date" nameKey="EKSAUDITUPDATEDATE" ownerGroup="DISCERN" ownerGroupIndex="CKI.CODEVALUE!4100380044" qualificationDataType="DateTime" qualificationExpression="" sortMethod="SELECT" uuid="c7b3ad8a-81a3-4772-9790-2098fb6a80d6" version="1.0"/><Element active="true" aggregationCode="" columnExpression="to_char(cclsql_utc_cnvt(EKS_MA.begin_dt_tm,:CURUTC,:CURTIMEZONEAPP),'MM')&#13;&#10;" core="true" dataFormat=" " dataType="String" deprecated="false" description=" " elementType="DIMENSION" filterCodeset="0.0" filterQualification=" " filtered="false" groupBy="false" groupByColumn="true" groupByExpression=" " groupByQualification="false" name="EKS Audit Begin Month" nameKey="EKSAUDITBEGINMONTH" ownerGroup="DISCERN" ownerGroupIndex="CKI.CODEVALUE!4100380044" qualificationDataType="DateTime" qualificationExpression="" sortMethod="SELECT" uuid="cef3fd8f-9a6f-423f-8e9b-b5df7f24cdae" version="1.0"/><Element active="true" aggregationCode="" columnExpression="eks_ma.logic_return" core="true" dataFormat=" " dataType="String" deprecated="false" description="Array of 3 digit values denoting the return values for templates in the logic section" elementType="DIMENSION" filterCodeset="0.0" filterQualification=" " filtered="false" groupBy="false" groupByColumn="true" groupByExpression=" " groupByQualification="false" name="EKS Audit Logic Return" nameKey="EKSAUDITLOGICRETURN" ownerGroup="DISCERN" ownerGroupIndex="CKI.CODEVALUE!4100380044" qualificationDataType="Numeric" qualificationExpression="" sortMethod="SELECT" uuid="d04663ba-d4ad-45f4-9dbc-fd76141e076f" version="1.0"/><Element active="true" aggregationCode="" columnExpression="cclsql_utc_cnvt(EKS_MAD.updt_dt_tm,:CURUTC,:CURTIMEZONEAPP)&#13;&#10;" core="true" dataFormat=" " dataType="DateTime" deprecated="false" description=" " elementType="DIMENSION" filterCodeset="0.0" filterQualification="EKS_MAD.updt_dt_tm" filtered="true" groupBy="false" groupByColumn="true" groupByExpression=" " groupByQualification="false" name="EKS Audit Det Update Dt/Tm" nameKey="EKSAUDITDETUPDATEDTTM" ownerGroup="DISCERN" ownerGroupIndex="CKI.CODEVALUE!4100380044" qualificationDataType="DateTime" qualificationExpression="" sortMethod="SELECT" uuid="d07f029e-c7e7-4dc5-a722-a89af9e62746" version="1.0"><ElementFilter active="true" core="true" description="" displayFunction=" " filterMeaning="DATE" parentEntityTable=" " scriptNumber="-1.0" showAll="false" showInactive="false" value1=" " value2=" " value3=" " value4=" " value5=" "/></Element><Element active="true" aggregationCode="" columnExpression="eks_template.num_params" core="true" dataFormat=" " dataType="Numeric" deprecated="false" description="Number of parameters used by the template.  Parameters are variables specified by the module builder when a template is used (instantiated) in a module." elementType="DIMENSION" filterCodeset="0.0" filterQualification=" " filtered="false" groupBy="false" groupByColumn="true" groupByExpression=" " groupByQualification="false" name="EKS Template Num Params" nameKey="EKSTEMPLATENUMPARAMS" ownerGroup="DISCERN" ownerGroupIndex="CKI.CODEVALUE!4100380044" qualificationDataType="String" qualificationExpression="" sortMethod="SELECT" uuid="d0a12d53-c1e8-4c24-bf85-777a051c1f75" version="1.0"/><Element active="true" aggregationCode="" columnExpression="EKS_TEMPLATE.template_name" core="true" dataFormat=" " dataType="String" deprecated="false" description=" " elementType="DIMENSION" filterCodeset="0.0" filterQualification=" " filtered="true" groupBy="false" groupByColumn="true" groupByExpression=" " groupByQualification="false" name="EKS Template Name" nameKey="EKSTEMPLATENAME" ownerGroup="DISCERN" ownerGroupIndex="CKI.CODEVALUE!4100380044" qualificationDataType="String" qualificationExpression="" sortMethod="SELECT" uuid="d76e5ea5-3ff5-4a43-b74e-237783142bab" version="1.0"><ElementFilter active="true" core="true" description="" displayFunction="" filterMeaning="EKS_TEMPLATE" parentEntityTable="EKS_TEMPLATE" scriptNumber="950169.0" showAll="false" showInactive="false" value1="omf_get_dyn_filter_list" value2="EKS_TEMPLATE" value3="TEMPLATE_NAME" value4="TEMPLATE_NAME" value5="active_flag='A'"/></Element><Element active="true" aggregationCode="" columnExpression="eks_ma.SERVER_NUMBER " core="true" dataFormat=" " dataType="Numeric" deprecated="false" description="he number of the server that ran the module (domain + directory entry number). " elementType="DIMENSION" filterCodeset="0.0" filterQualification=" " filtered="true" groupBy="false" groupByColumn="true" groupByExpression=" " groupByQualification="false" name="EKS Audit Server Number" nameKey="EKSAUDITSERVERNUMBER" ownerGroup="DISCERN" ownerGroupIndex="CKI.CODEVALUE!4100380044" qualificationDataType="Numeric" qualificationExpression="" sortMethod="SELECT" uuid="dab31c66-0a6c-431f-8db7-b3158ce55d2d" version="1.0"/><Element active="true" aggregationCode="" columnExpression="EKS_MAD.MODULE_AUDIT_ID" core="true" dataFormat=" " dataType="Numeric" deprecated="false" description=" " elementType="DIMENSION" filterCodeset="0.0" filterQualification=" " filtered="true" groupBy="false" groupByColumn="true" groupByExpression=" " groupByQualification="false" name="EKS Audit Det Id" nameKey="EKSAUDITDETID" ownerGroup="DISCERN" ownerGroupIndex="CKI.CODEVALUE!4100380044" qualificationDataType="Numeric" qualificationExpression="" sortMethod="SELECT" uuid="dba59447-98b1-42db-8778-52570112d224" version="1.0"/><Element active="true" aggregationCode="" columnExpression="eks_module.eks_release" core="true" dataFormat=" " dataType="String" deprecated="false" description=" " elementType="DIMENSION" filterCodeset="0.0" filterQualification=" " filtered="false" groupBy="false" groupByColumn="true" groupByExpression=" " groupByQualification="false" name="EKS Module Release" nameKey="EKSMODULERELEASE" ownerGroup="DISCERN" ownerGroupIndex="CKI.CODEVALUE!4100380044" qualificationDataType="Numeric" qualificationExpression="" sortMethod="SELECT" uuid="dcff4b3f-8653-4ad6-9118-d7b77d5be0cc" version="1.0"/><Element active="true" aggregationCode="" columnExpression="EKS_MAD.order_id" core="true" dataFormat=" " dataType="Numeric" deprecated="false" description=" " elementType="DIMENSION" filterCodeset="0.0" filterQualification=" " filtered="true" groupBy="false" groupByColumn="true" groupByExpression=" " groupByQualification="false" name="EKS Audit Det Ord Id" nameKey="EKSAUDITDETORDID" ownerGroup="DISCERN" ownerGroupIndex="CKI.CODEVALUE!4100380044" qualificationDataType="Numeric" qualificationExpression="" sortMethod="SELECT" uuid="e3503ea4-38d5-4576-96db-ea7c94986a04" version="1.0"/><Element active="true" aggregationCode="" columnExpression="eks_ma.server_instance" core="true" dataFormat=" " dataType="Numeric" deprecated="false" description=" The CSA instance number of the server that ran the module." elementType="DIMENSION" filterCodeset="0.0" filterQualification=" " filtered="false" groupBy="false" groupByColumn="true" groupByExpression=" " groupByQualification="false" name="EKS Audit Server Instance" nameKey="EKSAUDITSERVERINSTANCE" ownerGroup="DISCERN" ownerGroupIndex="CKI.CODEVALUE!4100380044" qualificationDataType="Numeric" qualificationExpression="" sortMethod="SELECT" uuid="eabf9108-5f17-4763-818c-4a3fae0d0d8a" version="1.0"/><Element active="true" aggregationCode="" columnExpression="omf_get_cv_display(EKS_MAD.task_assay_cd)" core="true" dataFormat=" " dataType="String" deprecated="false" description=" " elementType="DIMENSION" filterCodeset="0.0" filterQualification=" " filtered="false" groupBy="false" groupByColumn="true" groupByExpression=" " groupByQualification="false" name="EKS Audit Det Task Assay" nameKey="EKSAUDITDETTASKASSAY" ownerGroup="DISCERN" ownerGroupIndex="CKI.CODEVALUE!4100380044" qualificationDataType="String" qualificationExpression="" sortMethod="SELECT" uuid="eb882f26-9ea9-4d9b-8e2d-574b957acf0f" version="1.0"/><Element active="false" aggregationCode="" columnExpression="cclsql_utc_cnvt(EKS_MODULE.RECONCILE_DT_TM,:CURUTC,:CURTIMEZONEAPP)&#13;&#10;" core="true" dataFormat=" " dataType="DateTime" deprecated="false" description="Date and Time module was last updated" elementType="DIMENSION" filterCodeset="0.0" filterQualification="EKS_MODULE.RECONCILE_DT_TM" filtered="true" groupBy="false" groupByColumn="true" groupByExpression=" " groupByQualification="false" name="EKS Module Reconciled Dt/Tm" nameKey="EKSMODULERECONCILEDDTTM" ownerGroup="DISCERN" ownerGroupIndex="CKI.CODEVALUE!4100380044" qualificationDataType="DateTime" qualificationExpression="" sortMethod="SELECT" uuid="eed0bcca-3ba8-4c30-a08b-878d15946f23" version="1.0"><ElementFilter active="true" core="true" description="" displayFunction=" " filterMeaning="DATE" parentEntityTable=" " scriptNumber="-1.0" showAll="false" showInactive="false" value1=" " value2=" " value3=" " value4=" " value5=" "/></Element><Element active="true" aggregationCode="" columnExpression="eks_template.description" core="true" dataFormat=" " dataType="String" deprecated="false" description=" The description of the template represented by this template header record" elementType="DIMENSION" filterCodeset="0.0" filterQualification=" " filtered="false" groupBy="false" groupByColumn="true" groupByExpression=" " groupByQualification="false" name="EKS Template Description" nameKey="EKSTEMPLATEDESCRIPTION" ownerGroup="DISCERN" ownerGroupIndex="CKI.CODEVALUE!4100380044" qualificationDataType="String" qualificationExpression="" sortMethod="SELECT" uuid="efb752a7-ffc0-424c-a3bc-00e0b1425bcd" version="1.0"/><Element active="true" aggregationCode="" columnExpression="eks_module.maint_Validation" core="true" dataFormat=" " dataType="String" deprecated="false" description=" " elementType="DIMENSION" filterCodeset="0.0" filterQualification=" " filtered="true" groupBy="false" groupByColumn="true" groupByExpression=" " groupByQualification="false" name="EKS Module Maint Validation" nameKey="EKSMODULEMAINTVALIDATION" ownerGroup="DISCERN" ownerGroupIndex="CKI.CODEVALUE!4100380044" qualificationDataType="String" qualificationExpression="" sortMethod="SELECT" uuid="f14ba011-8bb5-48a2-8ef5-6534327bad3a" version="1.0"/><Element active="true" aggregationCode="" columnExpression="to_char(cclsql_utc_cnvt(EKS_MA.begin_dt_tm,:CURUTC,:CURTIMEZONEAPP), 'MM/DD/YYYY')" core="true" dataFormat=" " dataType="String" deprecated="false" description=" " elementType="DIMENSION" filterCodeset="0.0" filterQualification=" " filtered="false" groupBy="false" groupByColumn="true" groupByExpression=" " groupByQualification="false" name="EKS Audit Begin Date" nameKey="EKSAUDITBEGINDATE" ownerGroup="DISCERN" ownerGroupIndex="CKI.CODEVALUE!4100380044" qualificationDataType="Date" qualificationExpression="" sortMethod="SELECT" uuid="f43dceeb-8121-4f58-b862-0c2a8e69b8ea" version="1.0"><ElementFilter active="true" core="true" description="" displayFunction=" " filterMeaning="DATEONLY" parentEntityTable=" " scriptNumber="-1.0" showAll="false" showInactive="false" value1=" " value2=" " value3=" " value4=" " value5=" "/></Element><Element active="true" aggregationCode="" columnExpression="case when EKS_MA.begin_dt_tm is null then null else 'Q' || to_char(cclsql_utc_cnvt(EKS_MA.begin_dt_tm,:CURUTC,:CURTIMEZONEAPP),'Q') end&#13;&#10;" core="true" dataFormat=" " dataType="String" deprecated="false" description=" " elementType="DIMENSION" filterCodeset="0.0" filterQualification=" " filtered="false" groupBy="false" groupByColumn="true" groupByExpression=" " groupByQualification="false" name="EKS Audit Begin Quarter" nameKey="EKSAUDITBEGINQUARTER" ownerGroup="DISCERN" ownerGroupIndex="CKI.CODEVALUE!4100380044" qualificationDataType="DateTime" qualificationExpression="" sortMethod="SELECT" uuid="f5170f5d-9be7-4d54-bcfa-d5813d944d0a" version="1.0"/><Element active="true" aggregationCode="" columnExpression="to_char(cclsql_utc_cnvt(EKS_MA.begin_dt_tm,:CURUTC,:CURTIMEZONEAPP),'YYYY')&#13;&#10;" core="true" dataFormat=" " dataType="String" deprecated="false" description=" " elementType="DIMENSION" filterCodeset="0.0" filterQualification=" " filtered="false" groupBy="false" groupByColumn="true" groupByExpression=" " groupByQualification="false" name="EKS Audit Begin Year" nameKey="EKSAUDITBEGINYEAR" ownerGroup="DISCERN" ownerGroupIndex="CKI.CODEVALUE!4100380044" qualificationDataType="DateTime" qualificationExpression="" sortMethod="SELECT" uuid="f8bf010d-5017-46a2-8500-af013fd44bc6" version="1.0"/><Element active="true" aggregationCode="" columnExpression="cclsql_utc_cnvt(EKS_MODULE.maint_date,:CURUTC,:CURTIMEZONEAPP)&#13;&#10;" core="true" dataFormat=" " dataType="DateTime" deprecated="false" description=" date the module was created." elementType="DIMENSION" filterCodeset="0.0" filterQualification="EKS_MODULE.maint_date" filtered="true" groupBy="false" groupByColumn="true" groupByExpression=" " groupByQualification="false" name="EKS Module Created Dt/Tm" nameKey="EKSMODULECREATEDDTTM" ownerGroup="DISCERN" ownerGroupIndex="CKI.CODEVALUE!4100380044" qualificationDataType="DateTime" qualificationExpression="" sortMethod="SELECT" uuid="f8fe297f-c765-49a5-ba00-6c02bb67181d" version="1.0"><ElementFilter active="true" core="true" description="" displayFunction=" " filterMeaning="DATE" parentEntityTable=" " scriptNumber="-1.0" showAll="false" showInactive="false" value1=" " value2=" " value3=" " value4=" " value5=" "/></Element><Element active="true" aggregationCode="" columnExpression="to_char(cclsql_utc_cnvt(EKS_MA.updt_dt_tm,:CURUTC,:CURTIMEZONEAPP),'YYYY')&#13;&#10;" core="true" dataFormat=" " dataType="String" deprecated="false" description=" " elementType="DIMENSION" filterCodeset="0.0" filterQualification=" " filtered="false" groupBy="false" groupByColumn="true" groupByExpression=" " groupByQualification="false" name="EKS Audit Update Year" nameKey="EKSAUDITUPDATEYEAR" ownerGroup="DISCERN" ownerGroupIndex="CKI.CODEVALUE!4100380044" qualificationDataType="DateTime" qualificationExpression="" sortMethod="SELECT" uuid="fe80b0fc-dd2e-4ad7-88fd-21abb149744d" version="1.0"/><Element active="true" aggregationCode="" columnExpression="EKS_MAD.template_name" core="true" dataFormat=" " dataType="String" deprecated="false" description=" " elementType="DIMENSION" filterCodeset="0.0" filterQualification=" " filtered="true" groupBy="false" groupByColumn="true" groupByExpression=" " groupByQualification="false" name="EKS Audit Det Template Name" nameKey="EKSAUDITDETTEMPLATENAME" ownerGroup="DISCERN" ownerGroupIndex="CKI.CODEVALUE!4100380044" qualificationDataType="String" qualificationExpression="" sortMethod="SELECT" uuid="fe8c11f9-1518-4b46-b441-cbbf352f183b" version="1.0"><ElementFilter active="true" core="true" description="" displayFunction="" filterMeaning="EKS_TEMPLATE" parentEntityTable="EKS_TEMPLATE" scriptNumber="950169.0" showAll="false" showInactive="false" value1="omf_get_dyn_filter_list" value2="EKS_TEMPLATE" value3="TEMPLATE_NAME" value4="TEMPLATE_NAME" value5="active_flag='A'"/></Element></Elements><ElementTableRelationships><ElementTableRelationship Element="0420138b-a715-4143-a6d1-c78a09d05602" core="true"><table active="true" alias="EKS_MA" core="true" databaseLinkName="" deprecated="false" name="EKS_MODULE_AUDIT"/></ElementTableRelationship><ElementTableRelationship Element="04c2a046-1e99-4274-87d8-f355eb18c0d7" core="true"><table active="true" alias="EKS_TEMPLATE" core="true" databaseLinkName="" deprecated="false" name="EKS_TEMPLATE"/></ElementTableRelationship><ElementTableRelationship Element="04cfd71b-54de-430c-b604-eb32f1deea67" core="true"><table active="true" alias="EKS_TEMPLATE" core="true" databaseLinkName="" deprecated="false" name="EKS_TEMPLATE"/></ElementTableRelationship><ElementTableRelationship Element="0ae81357-902d-41f7-be96-54fd540b43f5" core="true"><table active="true" alias="EKS_MA" core="true" databaseLinkName="" deprecated="false" name="EKS_MODULE_AUDIT"/></ElementTableRelationship><ElementTableRelationship Element="0b0471ba-a234-4c16-bb3c-9afd8b517dca" core="true"><table active="true" alias="EKS_MODULE" core="true" databaseLinkName="" deprecated="false" name="EKS_MODULE"/></ElementTableRelationship><ElementTableRelationship Element="0e95c0a1-adc0-4dda-91da-8fc025f0589b" core="true"><table active="true" alias="EKS_MODULE" core="true" databaseLinkName="" deprecated="false" name="EKS_MODULE"/></ElementTableRelationship><ElementTableRelationship Element="19194b6d-6112-4a92-950d-439f85744f07" core="true"><table active="true" alias="EKS_MA" core="true" databaseLinkName="" deprecated="false" name="EKS_MODULE_AUDIT"/></ElementTableRelationship><ElementTableRelationship Element="197cfa18-27b1-4b81-9b12-56ec1978f59c" core="true"><table active="true" alias="EKS_MODULE" core="true" databaseLinkName="" deprecated="false" name="EKS_MODULE"/></ElementTableRelationship><ElementTableRelationship Element="1997f20b-5ae0-4d62-9a28-c628d17228e8" core="true"><table active="true" alias="EKS_MODULE" core="true" databaseLinkName="" deprecated="false" name="EKS_MODULE"/></ElementTableRelationship><ElementTableRelationship Element="1eff106f-6074-4013-a7f9-9386b9cda36b" core="true"><table active="true" alias="EKS_MA" core="true" databaseLinkName="" deprecated="false" name="EKS_MODULE_AUDIT"/></ElementTableRelationship><ElementTableRelationship Element="24a9a311-3033-42cb-a987-b809f7a184ed" core="true"><table active="true" alias="EKS_MODULE" core="true" databaseLinkName="" deprecated="false" name="EKS_MODULE"/></ElementTableRelationship><ElementTableRelationship Element="272668c3-6aa5-4892-b2fe-a1d0020d8b86" core="true"><table active="true" alias="EKS_TEMPLATE" core="true" databaseLinkName="" deprecated="false" name="EKS_TEMPLATE"/></ElementTableRelationship><ElementTableRelationship Element="2c2d736f-c4d2-40c9-b014-fed9370a9060" core="true"><table active="true" alias="EKS_MA" core="true" databaseLinkName="" deprecated="false" name="EKS_MODULE_AUDIT"/></ElementTableRelationship><ElementTableRelationship Element="2c79b594-ceb9-435c-b643-dfb584279840" core="true"><table active="true" alias="EKS_TEMPLATE" core="true" databaseLinkName="" deprecated="false" name="EKS_TEMPLATE"/></ElementTableRelationship><ElementTableRelationship Element="2e11b232-f0f1-44d2-8c24-e8f9387c19c9" core="true"><table active="true" alias="EKS_MODULE" core="true" databaseLinkName="" deprecated="false" name="EKS_MODULE"/></ElementTableRelationship><ElementTableRelationship Element="324d3ad0-b744-4799-bf7a-740394ffdcf4" core="true"><table active="true" alias="EKS_MA" core="true" databaseLinkName="" deprecated="false" name="EKS_MODULE_AUDIT"/></ElementTableRelationship><ElementTableRelationship Element="34880dca-e8bc-4992-9ecf-ec9c1f07686e" core="true"><table active="true" alias="EKS_MA" core="true" databaseLinkName="" deprecated="false" name="EKS_MODULE_AUDIT"/></ElementTableRelationship><ElementTableRelationship Element="35df8552-58a9-4d3b-9814-3ef2f55b67ff" core="true"><table active="true" alias="EKS_MA" core="true" databaseLinkName="" deprecated="false" name="EKS_MODULE_AUDIT"/></ElementTableRelationship><ElementTableRelationship Element="3b2a9bbd-844c-4c5c-8882-63460e61e0fa" core="true"><table active="true" alias="EKS_MAD" core="true" databaseLinkName="" deprecated="false" name="EKS_MODULE_AUDIT_DET"/></ElementTableRelationship><ElementTableRelationship Element="3fc4e02a-17f7-45e0-8e51-a7bf1c734f91" core="true"><table active="true" alias="EKS_MODULE" core="true" databaseLinkName="" deprecated="false" name="EKS_MODULE"/></ElementTableRelationship><ElementTableRelationship Element="4506cf4f-e13b-4d71-afa3-7b0c4f0a1dde" core="true"><table active="true" alias="EKS_MA" core="true" databaseLinkName="" deprecated="false" name="EKS_MODULE_AUDIT"/></ElementTableRelationship><ElementTableRelationship Element="45fa376d-b2d5-4cea-a85c-5bfe6149f366" core="true"><table active="true" alias="EKS_MAD" core="true" databaseLinkName="" deprecated="false" name="EKS_MODULE_AUDIT_DET"/></ElementTableRelationship><ElementTableRelationship Element="47d799d5-abbb-429b-a7bc-e87bc41bee90" core="true"><table active="true" alias="EKS_MAD" core="true" databaseLinkName="" deprecated="false" name="EKS_MODULE_AUDIT_DET"/></ElementTableRelationship><ElementTableRelationship Element="49f2a2d6-ef55-4e93-b1d5-05a24fc4e87a" core="true"><table active="true" alias="EKS_MA" core="true" databaseLinkName="" deprecated="false" name="EKS_MODULE_AUDIT"/></ElementTableRelationship><ElementTableRelationship Element="50cb373a-57e0-407d-acd4-1c59cdf53aba" core="true"><table active="true" alias="EKS_MA" core="true" databaseLinkName="" deprecated="false" name="EKS_MODULE_AUDIT"/></ElementTableRelationship><ElementTableRelationship Element="52c24cdf-e2eb-4f12-8fac-6a62aa5b9d9d" core="true"><table active="true" alias="EKS_MA" core="true" databaseLinkName="" deprecated="false" name="EKS_MODULE_AUDIT"/></ElementTableRelationship><ElementTableRelationship Element="5682d846-0c28-4fbf-9aad-f62f281c50dc" core="true"><table active="true" alias="EKS_MA" core="true" databaseLinkName="" deprecated="false" name="EKS_MODULE_AUDIT"/></ElementTableRelationship><ElementTableRelationship Element="594c7ce7-5a51-493e-9144-a03367ac0682" core="false"><table active="true" alias="EKS_MODULE" core="true" databaseLinkName="" deprecated="false" name="EKS_MODULE"/></ElementTableRelationship><ElementTableRelationship Element="59f4aa7d-808d-431b-8ce5-92a3dcea08ea" core="true"><table active="true" alias="EKS_MODULE" core="true" databaseLinkName="" deprecated="false" name="EKS_MODULE"/></ElementTableRelationship><ElementTableRelationship Element="5a1146bb-b9f0-41f8-9b1c-0c0fa17bf746" core="true"><table active="true" alias="EKS_MODULE" core="true" databaseLinkName="" deprecated="false" name="EKS_MODULE"/></ElementTableRelationship><ElementTableRelationship Element="639a1560-dd78-4fc2-a16f-00093233f713" core="true"><table active="true" alias="EKS_TEMPLATE" core="true" databaseLinkName="" deprecated="false" name="EKS_TEMPLATE"/></ElementTableRelationship><ElementTableRelationship Element="66977f00-2fea-4a14-b7f7-6e801d4de808" core="true"><table active="true" alias="EKS_MAD" core="true" databaseLinkName="" deprecated="false" name="EKS_MODULE_AUDIT_DET"/></ElementTableRelationship><ElementTableRelationship Element="66fa4a48-4a05-408a-a489-0a5ab030d62a" core="true"><table active="true" alias="EKS_MAD" core="true" databaseLinkName="" deprecated="false" name="EKS_MODULE_AUDIT_DET"/></ElementTableRelationship><ElementTableRelationship Element="6e537749-769b-4ca7-96ac-5362be5c5b49" core="true"><table active="true" alias="EKS_MAD" core="true" databaseLinkName="" deprecated="false" name="EKS_MODULE_AUDIT_DET"/></ElementTableRelationship><ElementTableRelationship Element="70032aef-5f67-4ed0-ba12-828116960c1d" core="true"><table active="true" alias="EKS_MAD" core="true" databaseLinkName="" deprecated="false" name="EKS_MODULE_AUDIT_DET"/></ElementTableRelationship><ElementTableRelationship Element="73037e13-a315-4c06-a068-5439862e8f58" core="true"><table active="true" alias="EKS_MA" core="true" databaseLinkName="" deprecated="false" name="EKS_MODULE_AUDIT"/></ElementTableRelationship><ElementTableRelationship Element="74de740c-4c3c-46b4-8883-4ef4b5c16aa1" core="true"><table active="true" alias="EKS_TEMPLATE" core="true" databaseLinkName="" deprecated="false" name="EKS_TEMPLATE"/></ElementTableRelationship><ElementTableRelationship Element="7f6f970c-93d3-40a9-b8c8-df0f201cec4a" core="true"><table active="true" alias="EKS_MA" core="true" databaseLinkName="" deprecated="false" name="EKS_MODULE_AUDIT"/></ElementTableRelationship><ElementTableRelationship Element="8026a137-0b16-4715-b3bb-f00919f432ac" core="true"><table active="true" alias="EKS_MA" core="true" databaseLinkName="" deprecated="false" name="EKS_MODULE_AUDIT"/></ElementTableRelationship><ElementTableRelationship Element="8712ec21-0015-4e20-9524-54a7619712dc" core="true"><table active="true" alias="EKS_MODULE" core="true" databaseLinkName="" deprecated="false" name="EKS_MODULE"/></ElementTableRelationship><ElementTableRelationship Element="872a9110-94f6-4548-81c2-a5f33d23f415" core="true"><table active="true" alias="EKS_MODULE" core="true" databaseLinkName="" deprecated="false" name="EKS_MODULE"/></ElementTableRelationship><ElementTableRelationship Element="87af7442-c10b-48fc-b72a-cb5c5c57e443" core="true"><table active="true" alias="EKS_MA" core="true" databaseLinkName="" deprecated="false" name="EKS_MODULE_AUDIT"/></ElementTableRelationship><ElementTableRelationship Element="8e628408-a3c5-43c1-9dcc-1c97e5150788" core="true"><table active="true" alias="EKS_MA" core="true" databaseLinkName="" deprecated="false" name="EKS_MODULE_AUDIT"/></ElementTableRelationship><ElementTableRelationship Element="8fdfdf1c-9174-4152-9b10-bb106e62cb6a" core="true"><table active="true" alias="EKS_MA" core="true" databaseLinkName="" deprecated="false" name="EKS_MODULE_AUDIT"/></ElementTableRelationship><ElementTableRelationship Element="963db850-3e1e-4b33-bf8f-2f2675f19a1b" core="true"><table active="true" alias="EKS_MODULE" core="true" databaseLinkName="" deprecated="false" name="EKS_MODULE"/></ElementTableRelationship><ElementTableRelationship Element="9b1ce580-f1c2-401f-9790-f1842ff9c28a" core="true"><table active="true" alias="EKS_MODULE" core="true" databaseLinkName="" deprecated="false" name="EKS_MODULE"/></ElementTableRelationship><ElementTableRelationship Element="a41bb255-57a8-460e-9078-0818a846f2e6" core="true"><table active="true" alias="EKS_MODULE" core="true" databaseLinkName="" deprecated="false" name="EKS_MODULE"/></ElementTableRelationship><ElementTableRelationship Element="a4206857-3e93-4f41-baf5-bff781bccd90" core="true"><table active="true" alias="EKS_MA" core="true" databaseLinkName="" deprecated="false" name="EKS_MODULE_AUDIT"/></ElementTableRelationship><ElementTableRelationship Element="a936f295-5000-4cdd-82e2-04906f2d1424" core="true"><table active="true" alias="EKS_MA" core="true" databaseLinkName="" deprecated="false" name="EKS_MODULE_AUDIT"/></ElementTableRelationship><ElementTableRelationship Element="ad7e0f4e-6d4d-4ee1-8502-3a2571fb4440" core="true"><table active="true" alias="EKS_MA" core="true" databaseLinkName="" deprecated="false" name="EKS_MODULE_AUDIT"/></ElementTableRelationship><ElementTableRelationship Element="ae317431-e348-418c-82b4-c61ce99d4ce4" core="true"><table active="true" alias="EKS_MAD" core="true" databaseLinkName="" deprecated="false" name="EKS_MODULE_AUDIT_DET"/></ElementTableRelationship><ElementTableRelationship Element="ae5731a3-9d48-4c62-904d-5a4600ec48e2" core="true"><table active="true" alias="EKS_MA" core="true" databaseLinkName="" deprecated="false" name="EKS_MODULE_AUDIT"/></ElementTableRelationship><ElementTableRelationship Element="b159fe4b-1b4a-42d9-be9e-08cdea6f5151" core="true"><table active="true" alias="EKS_MODULE" core="true" databaseLinkName="" deprecated="false" name="EKS_MODULE"/></ElementTableRelationship><ElementTableRelationship Element="b641a458-a4ef-461e-95e6-6ca0047c524d" core="true"><table active="true" alias="EKS_MA" core="true" databaseLinkName="" deprecated="false" name="EKS_MODULE_AUDIT"/></ElementTableRelationship><ElementTableRelationship Element="b7fca415-563b-44a4-bc2b-87d666847d86" core="true"><table active="true" alias="EKS_TEMPLATE" core="true" databaseLinkName="" deprecated="false" name="EKS_TEMPLATE"/></ElementTableRelationship><ElementTableRelationship Element="bf22b5a5-5598-495f-8e4e-1cd8e1f19f57" core="true"><table active="true" alias="EKS_MODULE" core="true" databaseLinkName="" deprecated="false" name="EKS_MODULE"/></ElementTableRelationship><ElementTableRelationship Element="c1f231d8-d4e5-49f3-9548-42c06117a7e7" core="true"><table active="true" alias="EKS_MA" core="true" databaseLinkName="" deprecated="false" name="EKS_MODULE_AUDIT"/></ElementTableRelationship><ElementTableRelationship Element="c35bc80a-cfac-4309-8ece-539c7f2cae07" core="true"><table active="true" alias="EKS_MODULE" core="true" databaseLinkName="" deprecated="false" name="EKS_MODULE"/></ElementTableRelationship><ElementTableRelationship Element="c5be3206-5957-436a-aeb7-cc36764c80be" core="true"><table active="true" alias="EKS_TEMPLATE" core="true" databaseLinkName="" deprecated="false" name="EKS_TEMPLATE"/></ElementTableRelationship><ElementTableRelationship Element="c7b3ad8a-81a3-4772-9790-2098fb6a80d6" core="true"><table active="true" alias="EKS_MA" core="true" databaseLinkName="" deprecated="false" name="EKS_MODULE_AUDIT"/></ElementTableRelationship><ElementTableRelationship Element="cef3fd8f-9a6f-423f-8e9b-b5df7f24cdae" core="true"><table active="true" alias="EKS_MA" core="true" databaseLinkName="" deprecated="false" name="EKS_MODULE_AUDIT"/></ElementTableRelationship><ElementTableRelationship Element="d04663ba-d4ad-45f4-9dbc-fd76141e076f" core="true"><table active="true" alias="EKS_MA" core="true" databaseLinkName="" deprecated="false" name="EKS_MODULE_AUDIT"/></ElementTableRelationship><ElementTableRelationship Element="d07f029e-c7e7-4dc5-a722-a89af9e62746" core="true"><table active="true" alias="EKS_MAD" core="true" databaseLinkName="" deprecated="false" name="EKS_MODULE_AUDIT_DET"/></ElementTableRelationship><ElementTableRelationship Element="d0a12d53-c1e8-4c24-bf85-777a051c1f75" core="true"><table active="true" alias="EKS_TEMPLATE" core="true" databaseLinkName="" deprecated="false" name="EKS_TEMPLATE"/></ElementTableRelationship><ElementTableRelationship Element="d76e5ea5-3ff5-4a43-b74e-237783142bab" core="true"><table active="true" alias="EKS_TEMPLATE" core="true" databaseLinkName="" deprecated="false" name="EKS_TEMPLATE"/></ElementTableRelationship><ElementTableRelationship Element="dab31c66-0a6c-431f-8db7-b3158ce55d2d" core="true"><table active="true" alias="EKS_MA" core="true" databaseLinkName="" deprecated="false" name="EKS_MODULE_AUDIT"/></ElementTableRelationship><ElementTableRelationship Element="dba59447-98b1-42db-8778-52570112d224" core="true"><table active="true" alias="EKS_MAD" core="true" databaseLinkName="" deprecated="false" name="EKS_MODULE_AUDIT_DET"/></ElementTableRelationship><ElementTableRelationship Element="dcff4b3f-8653-4ad6-9118-d7b77d5be0cc" core="true"><table active="true" alias="EKS_MODULE" core="true" databaseLinkName="" deprecated="false" name="EKS_MODULE"/></ElementTableRelationship><ElementTableRelationship Element="e3503ea4-38d5-4576-96db-ea7c94986a04" core="true"><table active="true" alias="EKS_MAD" core="true" databaseLinkName="" deprecated="false" name="EKS_MODULE_AUDIT_DET"/></ElementTableRelationship><ElementTableRelationship Element="eabf9108-5f17-4763-818c-4a3fae0d0d8a" core="true"><table active="true" alias="EKS_MA" core="true" databaseLinkName="" deprecated="false" name="EKS_MODULE_AUDIT"/></ElementTableRelationship><ElementTableRelationship Element="eb882f26-9ea9-4d9b-8e2d-574b957acf0f" core="true"><table active="true" alias="EKS_MAD" core="true" databaseLinkName="" deprecated="false" name="EKS_MODULE_AUDIT_DET"/></ElementTableRelationship><ElementTableRelationship Element="eed0bcca-3ba8-4c30-a08b-878d15946f23" core="true"><table active="true" alias="EKS_MODULE" core="true" databaseLinkName="" deprecated="false" name="EKS_MODULE"/></ElementTableRelationship><ElementTableRelationship Element="efb752a7-ffc0-424c-a3bc-00e0b1425bcd" core="true"><table active="true" alias="EKS_TEMPLATE" core="true" databaseLinkName="" deprecated="false" name="EKS_TEMPLATE"/></ElementTableRelationship><ElementTableRelationship Element="f14ba011-8bb5-48a2-8ef5-6534327bad3a" core="true"><table active="true" alias="EKS_MODULE" core="true" databaseLinkName="" deprecated="false" name="EKS_MODULE"/></ElementTableRelationship><ElementTableRelationship Element="f43dceeb-8121-4f58-b862-0c2a8e69b8ea" core="true"><table active="true" alias="EKS_MA" core="true" databaseLinkName="" deprecated="false" name="EKS_MODULE_AUDIT"/></ElementTableRelationship><ElementTableRelationship Element="f5170f5d-9be7-4d54-bcfa-d5813d944d0a" core="true"><table active="true" alias="EKS_MA" core="true" databaseLinkName="" deprecated="false" name="EKS_MODULE_AUDIT"/></ElementTableRelationship><ElementTableRelationship Element="f8bf010d-5017-46a2-8500-af013fd44bc6" core="true"><table active="true" alias="EKS_MA" core="true" databaseLinkName="" deprecated="false" name="EKS_MODULE_AUDIT"/></ElementTableRelationship><ElementTableRelationship Element="f8fe297f-c765-49a5-ba00-6c02bb67181d" core="true"><table active="true" alias="EKS_MODULE" core="true" databaseLinkName="" deprecated="false" name="EKS_MODULE"/></ElementTableRelationship><ElementTableRelationship Element="fe80b0fc-dd2e-4ad7-88fd-21abb149744d" core="true"><table active="true" alias="EKS_MA" core="true" databaseLinkName="" deprecated="false" name="EKS_MODULE_AUDIT"/></ElementTableRelationship><ElementTableRelationship Element="fe8c11f9-1518-4b46-b441-cbbf352f183b" core="true"><table active="true" alias="EKS_MAD" core="true" databaseLinkName="" deprecated="false" name="EKS_MODULE_AUDIT_DET"/></ElementTableRelationship></ElementTableRelationships></LogicalView></LogicalViewExport>